participantId,apartmentId,participant_location
0,926,POINT (-2721.353174109782 6862.8612194660855)
1,928,POINT (-1531.1328847088653 5597.244219744858)
2,291,POINT (-1352.9677515710423 2095.779439981468)
3,1243,POINT (-1550.046162256439 5606.726708601213)
4,375,POINT (1394.7568559247914 3429.6250634368434)
5,243,POINT (-1511.4440690712386 1994.4821122365117)
6,183,POINT (1789.4153053376972 3245.3104881693826)
7,97,POINT (-1025.4630206407976 1571.1658211045055)
8,321,POINT (611.3346599759675 2266.011783648469)
9,355,POINT (-2025.813803104962 2039.3990990051875)
10,91,POINT (1816.3549639769624 5215.958137993539)
11,1582,POINT (-4580.138686257654 7008.662374002434)
12,1198,POINT (-511.5960817230892 6362.843895698503)
13,141,POINT (585.7918117851856 3538.798388512636)
14,66,POINT (1603.441866432816 4025.5633312874506)
15,930,POINT (-1662.1497492873168 5616.28437419331)
16,101,POINT (1831.08936976338 5326.192433295153)
17,1003,POINT (-1704.7713283737937 5630.22569812214)
18,482,POINT (-1062.3812299904594 3002.1215906661346)
19,276,POINT (1792.288740518518 3445.633257478743)
20,301,POINT (-1435.4128878299682 2057.4318747557327)
21,169,POINT (1409.3995291046801 3410.1712682211246)
22,88,POINT (1621.7516640707404 4457.745004135188)
23,532,POINT (-1108.7013252400461 3076.5769666578326)
24,309,POINT (-1530.7039862202507 2057.4318747557327)
25,273,POINT (-1702.1057284608669 2048.2715608575318)
26,371,POINT (-1627.3229182469468 2048.2715608575318)
27,1239,POINT (-1551.3343645385485 5650.818929732952)
28,1254,POINT (-1551.3343645385485 5676.174237812989)
29,344,POINT (2217.5168940808653 4848.952197366105)
30,284,POINT (678.0809284400252 2936.8175399850243)
31,810,POINT (-1190.9491044172587 2889.1141360057463)
32,1146,POINT (-625.5724812374312 6284.072402551033)
33,1397,POINT (-4588.788594815711 7076.2404077290485)
34,35,POINT (2050.180926104707 4335.0803589938605)
35,215,POINT (1491.7960329571924 3427.9695688061133)
36,111,POINT (-1851.7810522771383 1845.2751568334254)
37,1080,POINT (-2401.058309657752 6214.165374816003)
38,1216,POINT (-1845.1054225181472 6223.628607476944)
39,188,POINT (1259.7550319545578 4768.65403499302)
40,977,POINT (4.502697650541232 5359.332759482619)
41,245,POINT (1404.7963985230203 3346.4336047045435)
42,1471,POINT (-4411.7126526365555 4644.449348411632)
43,934,POINT (-615.3610400980101 6219.202532754804)
45,955,POINT (-2495.13905368497 6791.116922785467)
46,985,POINT (-574.8545408956802 6184.855099073229)
47,58,POINT (-1473.1756324816884 954.9226790202229)
48,115,POINT (1217.5077506817527 3514.1697849435245)
49,1247,POINT (-1670.2879810541003 6254.208538501094)
50,279,POINT (2179.5103652880916 4964.080440343192)
51,90,POINT (1352.5746952525114 3257.1881835177824)
52,336,POINT (567.7208874125674 1914.3615429683741)
53,1599,POINT (-3324.5781138055304 7755.314857560063)
54,196,POINT (1024.2373011492627 4571.087727993299)
55,92,POINT (-1585.4991059842016 1889.1871542928043)
56,44,POINT (2253.3211062717032 4060.9279154409005)
57,16,POINT (2211.1188040814286 5227.989103585554)
58,682,POINT (-1095.8438546268312 2495.769897064819)
59,1165,POINT (-2514.175452075128 6215.348693777564)
60,266,POINT (1274.2715913565519 1163.5051209752276)
61,22,POINT (-1396.3194484189332 2171.962600676111)
62,352,POINT (-1406.4414272258414 2146.9787804386006)
63,17,POINT (2123.9062678259706 5021.749305819725)
64,320,POINT (-486.82641406796574 1855.0243750092998)
65,365,POINT (967.0498054893425 343.3889251176581)
66,190,POINT (-1021.5011386286116 1340.518679223127)
67,33,POINT (1749.5557672904667 5245.7527151363665)
68,109,POINT (-1459.3383959982882 876.0742311345832)
69,192,POINT (537.5487781075327 4325.595357065675)
70,74,POINT (2233.214439882725 4053.359048843635)
71,322,POINT (2233.214439882725 4053.359048843635)
72,1269,POINT (-501.2049745494901 6212.625748319062)
73,73,POINT (-1340.7911019175422 2119.6917523263082)
74,1085,POINT (12.631829182070042 5340.500579439835)
75,325,POINT (1250.452126424467 4840.237968877947)
76,76,POINT (-1328.614452264042 2167.516377015989)
77,134,POINT (1999.4807201499916 5322.478792532552)
78,641,POINT (-2504.3540381962953 2481.628836470987)
79,764,POINT (-2442.6000759118815 2438.3864739217074)
80,28,POINT (1910.8047260903031 5326.192433295153)
81,257,POINT (593.9684897030291 3555.941753443666)
82,202,POINT (504.51046378057964 1477.886760892753)
83,910,POINT (-127.26644726325719 3412.3933194691285)
84,298,POINT (-1950.1123675186413 2081.396323862277)
85,349,POINT (-1354.973768504102 1981.2146090058627)
86,288,POINT (-1628.8496403161969 797.2604866084483)
87,905,POINT (353.46630938349324 5036.394910300052)
88,1163,POINT (4.502697650541232 5359.332759482619)
89,577,POINT (-1226.993143660362 3218.864741533599)
90,771,POINT (-1136.94740500444 3205.4960456386566)
91,1050,POINT (-100.94272074299435 5328.444832535462)
92,106,POINT (2015.6012258387632 4877.664215132254)
93,187,POINT (1792.288740518518 3445.633257478743)
94,367,POINT (2035.1726279289167 4888.173729217788)
95,121,POINT (-1423.5831222046177 1973.3137542599502)
96,122,POINT (-1436.7396484852209 1991.45221093596)
97,2,POINT (-185.9292838076562 1520.3270983045118)
98,229,POINT (-1423.5831222046177 1973.3137542599502)
99,93,POINT (-365.12598626158865 1859.8642843940092)
100,1503,POINT (-4579.0797589232825 7267.629836792702)
101,1591,POINT (-4503.988170041366 4735.108702736576)
102,909,POINT (-565.5506282661323 5120.385828479983)
103,938,POINT (-436.3311441380732 5254.480460709678)
104,1053,POINT (345.06266211374634 5055.5261801554925)
105,154,POINT (2191.451754179263 4945.821523930677)
106,306,POINT (2066.7737105199117 4943.225138225304)
107,206,POINT (-322.33161360663064 1859.8642843940092)
108,1195,POINT (-532.2489505367064 5229.883061527234)
109,649,POINT (-2607.270681970669 3055.5973831255787)
110,679,POINT (-2630.6164748890433 3064.0675917101144)
111,1057,POINT (-2.201149572531972 3512.111273956546)
112,26,POINT (-1664.7143233539068 2058.9072198973454)
113,64,POINT (663.3720396817216 3786.540333108135)
114,148,POINT (1714.3338865616502 3405.8116548795947)
115,191,POINT (1714.3338865616502 3363.864233591916)
116,723,POINT (-1555.0584159964715 2796.3338303291357)
117,1034,POINT (-67.28527771284766 4514.923398245357)
118,794,POINT (-1547.0468829055117 2817.015853468676)
119,368,POINT (1224.5522042797265 540.7795376053093)
120,307,POINT (860.9945667525155 1631.175142849736)
121,31,POINT (-1406.9743418343592 896.4515376327631)
122,569,POINT (-1452.2653397579181 2471.3675040326616)
123,1690,POINT (-3318.2481685138528 7599.189716477424)
124,1733,POINT (-4584.719945687293 4739.946539702664)
125,1231,POINT (-2.201149572531972 3467.7464824486233)
126,1158,POINT (-207.44845187574333 5260.805527774772)
128,281,POINT (1603.441866432816 4025.5633312874506)
129,39,POINT (1068.300420731133 1266.8599518512474)
130,54,POINT (1175.0720102138607 1558.1560150626235)
131,323,POINT (596.9577270734897 3757.22103720393)
132,168,POINT (-456.33824767475664 1395.2821634910958)
133,297,POINT (-493.7268707520858 1395.2821634910958)
134,965,POINT (-609.1483105484713 5120.376970751322)
135,62,POINT (-450.65404881281165 1698.4870439776341)
136,312,POINT (-698.2068467228966 1573.275050194495)
137,914,POINT (-207.84249740855012 5336.11805098548)
138,209,POINT (1313.929347588717 4437.056256727496)
139,20,POINT (1294.8797998333248 4462.162809061927)
140,1036,POINT (-2633.490867455981 6293.853486320795)
141,373,POINT (2222.694117829342 4594.880339745687)
143,1073,POINT (-490.42848485367756 5933.228355514893)
144,52,POINT (-1844.8861722131728 1645.3299966099307)
145,906,POINT (-369.94252946578285 5263.7092311840615)
146,185,POINT (1186.9602009739194 3164.371227730754)
147,289,POINT (1671.2103741323417 3222.1061909778978)
148,1076,POINT (-2609.2856113067774 6308.698483863476)
149,924,POINT (-389.0222599771563 5271.565401557664)
150,1129,POINT (-609.1483105484713 5206.932844784338)
151,1157,POINT (-631.70931394254 5149.228928762328)
152,14,POINT (2119.566426939381 5333.491746286379)
153,152,POINT (-1598.21244043112 1727.7262699483656)
155,1180,POINT (-469.82102227082703 5943.867019338775)
156,184,POINT (810.2347020030995 406.6006228343067)
157,704,POINT (-1285.2922463067762 3278.6449287620358)
158,1,POINT (1077.6979444315298 648.4427163702453)
159,712,POINT (-1220.2857220235774 3468.3200284965706)
160,991,POINT (-1631.9916221192786 6069.547463099791)
162,193,POINT (2488.0670182344566 4043.9132725302534)
163,992,POINT (-1666.020644498376 6069.547463099791)
164,263,POINT (607.6839706255785 2383.4941895708853)
165,147,POINT (588.4497540905923 3728.438009394122)
166,171,POINT (1066.5144835227188 676.0876893531632)
167,137,POINT (1366.2417429682478 4715.042752897177)
168,308,POINT (1801.8258558068285 5166.503222823775)
169,153,POINT (-1352.9677515710423 2071.8671276366276)
170,967,POINT (-2721.353174109782 6862.8612194660855)
171,1069,POINT (-1550.046162256439 5606.726708601213)
172,213,POINT (-1938.2472218346602 1979.5064750943288)
173,180,POINT (-185.9292838076562 1611.8386125804955)
174,203,POINT (1309.4859527614321 3221.877213215748)
175,272,POINT (1784.5159809592985 3423.2709297455353)
176,12,POINT (359.2567913319125 4138.105315267985)
177,189,POINT (2424.172931701708 5373.974229311336)
178,30,POINT (573.0109209108848 1804.63524963616)
179,280,POINT (53.139653304594646 1093.9774101968076)
180,180,POINT (-185.9292838076562 1611.8386125804955)
181,126,POINT (1250.1855937282915 4900.7977692411405)
182,151,POINT (1814.1135831871466 4467.798948828751)
183,30,POINT (573.0109209108848 1804.63524963616)
184,186,POINT (1585.0218870416406 4034.334999464847)
185,30,POINT (573.0109209108848 1804.63524963616)
186,135,POINT (579.159003004695 1695.6403485424544)
187,135,POINT (579.159003004695 1695.6403485424544)
188,378,POINT (1300.191531615812 4736.919919969827)
189,378,POINT (1300.191531615812 4736.919919969827)
190,161,POINT (1780.2174866687778 3286.2648681083224)
191,177,POINT (1771.0196679998585 3327.219248047262)
192,378,POINT (1300.191531615812 4736.919919969827)
193,299,POINT (1585.0218870416406 4034.334999464847)
194,378,POINT (1300.191531615812 4736.919919969827)
195,299,POINT (1585.0218870416406 4034.334999464847)
196,216,POINT (1237.672759957125 509.5167099593709)
197,286,POINT (1273.5650927422346 3620.3684115523793)
198,299,POINT (1585.0218870416406 4034.334999464847)
199,296,POINT (1186.9602009739194 3164.371227730754)
200,299,POINT (1585.0218870416406 4034.334999464847)
201,135,POINT (579.159003004695 1695.6403485424544)
202,362,POINT (1275.8302520779328 4437.056256727496)
203,230,POINT (-844.9094888728669 1637.234473188592)
204,135,POINT (579.159003004695 1695.6403485424544)
205,1191,POINT (-2741.9301309353727 6851.97126749714)
206,84,POINT (2466.0788073692256 5201.152719159174)
207,252,POINT (-752.3428065881178 1648.402113854796)
208,59,POINT (2259.3425408722505 5333.491746286379)
209,252,POINT (-752.3428065881178 1648.402113854796)
210,233,POINT (-417.1527159269059 1687.149635267406)
211,252,POINT (-752.3428065881178 1648.402113854796)
212,9,POINT (1274.2715913565519 1163.5051209752276)
213,356,POINT (1420.1639208310576 4930.580077677792)
214,356,POINT (1420.1639208310576 4930.580077677792)
215,356,POINT (1420.1639208310576 4930.580077677792)
216,252,POINT (-752.3428065881178 1648.402113854796)
217,80,POINT (589.7126864665483 3461.117029912494)
218,953,POINT (131.2810672906894 4036.153564956029)
219,174,POINT (1489.1363131755288 3323.1177012933736)
220,181,POINT (588.1769004542509 1477.886760892753)
221,376,POINT (589.7126864665483 3461.117029912494)
222,127,POINT (2219.8260684160687 4760.894146360397)
223,346,POINT (582.9124582493545 1776.051722536382)
224,174,POINT (1489.1363131755288 3323.1177012933736)
225,174,POINT (1489.1363131755288 3323.1177012933736)
226,107,POINT (212.2553022725848 1303.9692542544997)
227,72,POINT (-726.5390497675858 1381.9337094162383)
228,376,POINT (589.7126864665483 3461.117029912494)
229,75,POINT (588.1769004542509 1516.0341391439815)
230,107,POINT (212.2553022725848 1303.9692542544997)
231,100,POINT (-657.4419276597039 1584.005409368071)
232,235,POINT (1209.9860453247898 4886.716681195225)
233,75,POINT (588.1769004542509 1516.0341391439815)
234,214,POINT (-1776.287643757848 1691.4138204277806)
235,159,POINT (529.0336503746969 4425.668816338874)
236,159,POINT (529.0336503746969 4425.668816338874)
237,159,POINT (529.0336503746969 4425.668816338874)
238,75,POINT (588.1769004542509 1516.0341391439815)
239,83,POINT (223.3754341990981 1819.3960275496556)
240,125,POINT (2423.1213407945315 4360.755472811068)
241,75,POINT (588.1769004542509 1516.0341391439815)
242,1264,POINT (-713.3451653741274 6339.595899906177)
243,327,POINT (1236.8571929820146 3263.0399509679964)
244,69,POINT (2050.180926104707 4374.926623500649)
245,261,POINT (1314.7768850305797 3620.3684115523793)
246,55,POINT (2153.389571449563 4760.551377277387)
247,195,POINT (615.3098822064323 3201.003200456854)
248,261,POINT (1314.7768850305797 3620.3684115523793)
249,231,POINT (1304.8852088806348 3526.737489827947)
250,331,POINT (1194.0937142886232 3263.0399509679964)
251,5,POINT (7.0589743819342985 79.96163671849988)
252,702,POINT (-1180.704739876141 2615.334435880475)
253,550,POINT (-1303.2969263511116 2567.8791799505025)
254,1026,POINT (-1666.020644498376 6069.547463099791)
255,824,POINT (-1662.4280260369487 3416.372256796572)
257,600,POINT (-1373.4051503204873 2606.631642651834)
258,797,POINT (-1761.149906110346 4050.736798379685)
259,1141,POINT (-1631.9916221192786 6106.479357390968)
260,645,POINT (-1220.8186625213898 3318.570415044307)
261,711,POINT (-1333.0886323717586 2688.886124497062)
263,1390,POINT (-4602.758597842296 7604.489701961552)
264,1563,POINT (-4583.825739742862 7612.940521286146)
265,1644,POINT (-4575.481963235348 7332.423051909529)
266,463,POINT (-1319.5426563934784 3722.2274220634836)
268,1664,POINT (-4575.481963235348 7528.30370916249)
269,719,POINT (-1300.5005974065157 2680.4859984349114)
270,1618,POINT (-4613.959919638699 5136.6586014369295)
271,736,POINT (-2249.7800462578525 2506.043282990142)
272,1031,POINT (-1612.7659337843802 4735.182641334957)
273,816,POINT (-1863.614094415031 3489.744653848632)
274,741,POINT (-2264.2549732775105 3108.3760483403476)
275,1153,POINT (-1917.968290838215 5797.276162062822)
276,1438,POINT (-4500.939887921801 5116.566482675666)
277,517,POINT (-670.0361384681796 4866.766649665868)
278,1589,POINT (-4449.548264617071 5116.566482675666)
280,1090,POINT (-2633.517834631224 6603.307584710206)
281,754,POINT (-2228.90222267179 2520.6679795653527)
282,1244,POINT (-2610.5184815063512 6618.97054327486)
283,757,POINT (-706.5287818001921 4880.471423292969)
284,1110,POINT (-597.8866256478386 6029.0945634691525)
286,496,POINT (-1450.8738582961375 2691.5862913431774)
287,713,POINT (-2487.390748387402 2608.1347987170006)
289,510,POINT (-550.3361529454938 4886.6123103088385)
290,1056,POINT (-571.7912026399204 6029.0945634691525)
291,717,POINT (-2444.6349653089865 2576.3207448849457)
292,514,POINT (-567.7565018610546 4873.227525333588)
293,1251,POINT (-584.8389141438795 6072.416597485497)
294,485,POINT (-2521.191949079259 4569.7115339721695)
295,774,POINT (-2466.012856848194 2592.227771800973)
296,488,POINT (-1449.2997831281382 2620.799821233879)
297,1517,POINT (-4347.353246479461 7602.587584324485)
299,544,POINT (-2247.098703128385 2849.4522770820936)
300,1643,POINT (-4381.8091129409 7602.587584324485)
302,1389,POINT (-4500.973447034674 4816.8881400610535)
303,694,POINT (-2194.538213274417 2838.0164709864057)
304,1557,POINT (-4434.874589912966 7542.97976303824)
305,579,POINT (-546.7183538958213 4791.255480725052)
306,1621,POINT (-4434.874589912966 7503.549114210993)
307,457,POINT (-2361.3242679569444 4522.880476844184)
308,921,POINT (-3660.2646170373177 5706.288268656919)
309,946,POINT (-3062.2884042311425 6023.397685584292)
310,950,POINT (-3663.4136697448293 4812.3758241414525)
311,671,POINT (-2521.191949079259 4549.89263507646)
312,971,POINT (-2386.1537768899043 5877.001177988991)
313,1011,POINT (-3663.4136697448293 4812.3758241414525)
314,655,POINT (-2448.4459957627114 2975.182377746389)
315,1078,POINT (-3610.0936121106943 5654.560913915973)
316,1143,POINT (-1803.506193612398 5850.647195738124)
317,677,POINT (-2373.5445644684123 2884.610915897236)
318,733,POINT (-2465.778672973931 3056.814237716957)
319,1185,POINT (-3341.984083186051 5587.368657736281)
320,826,POINT (-567.7565018610546 4873.227525333588)
321,609,POINT (-1966.195146296298 4552.187553862719)
322,685,POINT (-2492.5233206370804 4559.8020845243145)
323,1102,POINT (-1623.6231276171884 4781.304436867264)
324,1188,POINT (-3610.0936121106943 5706.288268656919)
325,729,POINT (-1196.5570261244097 3078.852116162034)
326,775,POINT (-1251.1994497922349 3058.3861538128076)
327,1278,POINT (-3663.4136697448293 4812.3758241414525)
328,815,POINT (-1109.3214248131821 3017.7174656996385)
329,994,POINT (-1638.4312298944653 5992.041051046559)
330,464,POINT (-1698.0079892149288 3783.0793495919233)
331,823,POINT (-1109.3214248131821 2986.5257156326306)
332,1006,POINT (-1550.2078167200907 5934.3151642728735)
333,1205,POINT (-1528.1519634264969 5948.746635966295)
334,1489,POINT (-4193.842844934759 5815.668581309632)
335,1554,POINT (-4256.478683484973 5801.734568216811)
336,468,POINT (-1226.0335983358684 2995.2562131754303)
337,1486,POINT (-4593.803238940883 4837.0293414946)
338,491,POINT (-1069.4421383111785 3492.2812374050454)
339,1505,POINT (-4516.502623981289 7428.746803754581)
340,1566,POINT (-4586.097776446638 4815.025253428146)
341,1588,POINT (-4201.0204402863965 4891.392283841669)
342,737,POINT (-1202.908077992538 2978.8932789786945)
343,1657,POINT (-3393.061110989168 7157.163565368814)
344,1691,POINT (-4586.097776446638 4815.025253428146)
345,814,POINT (-1226.0335983358684 2995.2562131754303)
347,1696,POINT (-4201.0204402863965 4891.392283841669)
348,480,POINT (-1130.8113181627405 2817.328059404481)
349,675,POINT (-1199.851719928422 2909.326175390639)
350,703,POINT (-1190.9491044172587 2889.1141360057463)
351,1712,POINT (-3368.163022869141 7165.251937314562)
353,776,POINT (-1199.851719928422 2909.326175390639)
354,1725,POINT (-3393.061110989168 7157.163565368814)
355,819,POINT (-1966.195146296298 4552.187553862719)
357,543,POINT (-1064.1345147856075 2409.7445517137694)
358,806,POINT (-1585.6848283952213 3810.988683375015)
359,594,POINT (-2442.952276836617 3161.863690138648)
360,768,POINT (-1027.45559945573 2422.599034226613)
361,1411,POINT (-3893.849676459249 7448.4341724081205)
362,695,POINT (-2266.1994348898033 5027.490832966176)
363,481,POINT (-1930.8400219491632 2773.773585205633)
364,1586,POINT (-3313.834575184353 7410.998461783006)
365,652,POINT (-1957.8963016478324 2793.8979650545516)
366,1637,POINT (-3313.834575184353 7323.2818465817845)
367,1641,POINT (-3323.451449057451 7432.927615583311)
368,1607,POINT (-4349.886551736498 7552.880411073998)
369,1617,POINT (-4300.938975440952 7416.998596554109)
370,556,POINT (-1982.343484428326 4572.902176340196)
371,664,POINT (-1069.4421383111785 3492.2812374050454)
372,1010,POINT (-1420.7869686231338 5982.023394905787)
373,963,POINT (-2004.8176912164604 4771.621672470582)
374,595,POINT (-2209.3483931863348 3160.245994531182)
375,1415,POINT (-4499.445899819149 4977.450007835247)
376,1449,POINT (-4520.133614133648 4895.949941161112)
377,1465,POINT (-4437.382756875654 4895.949941161112)
378,755,POINT (-550.3361529454938 4886.6123103088385)
379,1268,POINT (-3374.45498044692 5196.629217472029)
381,818,POINT (-1939.8587818487194 2793.8979650545516)
385,740,POINT (-1183.7067920410168 2715.4569198432737)
386,489,POINT (-2390.2693221306254 4701.931451956684)
387,788,POINT (-2158.723146778084 2602.884683527168)
388,596,POINT (-2297.9045965194864 5027.490832966176)
389,512,POINT (-1456.4473384721596 2423.7874457685994)
390,487,POINT (-1717.6586980925804 3761.569088727875)
391,947,POINT (-2741.9301309353727 6851.97126749714)
393,511,POINT (-2361.3242679569444 4581.945695704893)
394,710,POINT (-2451.331027750198 2519.041052065685)
395,505,POINT (-760.5535637706074 4468.744216019293)
396,454,POINT (-1125.4321453611485 4009.136028156402)
397,780,POINT (-1257.0083898790026 3232.233437428542)
398,551,POINT (-2339.722927122974 3100.5339090063185)
399,1105,POINT (-694.1547645624357 6329.574564276278)
400,752,POINT (-2361.3242679569444 4522.880476844184)
401,1132,POINT (-713.3451653741274 6339.595899906177)
402,1200,POINT (-694.1547645624357 6329.574564276278)
403,603,POINT (-1469.2464226435823 2634.3880196178034)
404,1206,POINT (-2721.353174109782 6862.8612194660855)
405,541,POINT (-1222.4019020583357 2383.629318537573)
408,903,POINT (-1399.3214530094099 4670.082592855952)
409,547,POINT (-1613.0453946609055 3631.1979621903865)
410,1405,POINT (-4540.795251794218 6999.394029243442)
411,705,POINT (-1547.0468829055117 2817.015853468676)
412,1047,POINT (-1619.5281702008401 5602.343050264481)
413,1608,POINT (-4124.442934465811 7422.81158954829)
414,1729,POINT (-4097.077996668109 7409.520667070145)
415,1732,POINT (-4151.807872263513 7409.520667070145)
416,720,POINT (-1613.0453946609055 3631.1979621903865)
417,640,POINT (-1678.3572803372772 3804.5896104559715)
418,542,POINT (-1051.0481186469929 3607.5400815960147)
419,1025,POINT (-1529.7536120168543 5663.496583772971)
420,231,POINT (1304.8852088806348 3526.737489827947)
421,802,POINT (-1223.8782379583222 3068.6191349874207)
422,524,POINT (-1130.8113181627405 2900.180320263278)
423,261,POINT (1314.7768850305797 3620.3684115523793)
424,527,POINT (-1671.5231308437487 4095.9521638112146)
425,562,POINT (-1065.8108589501398 2920.893385477977)
426,452,POINT (-2477.8425329732463 2500.334944268336)
427,616,POINT (-562.0139696412994 4810.950875794059)
428,261,POINT (1314.7768850305797 3620.3684115523793)
429,1182,POINT (-653.2021646681048 6393.714859328378)
430,561,POINT (-2297.9045965194864 5003.11609000739)
431,523,POINT (-2361.0324727249485 2426.631425790066)
432,809,POINT (-2352.640562507578 2865.632371963492)
433,1189,POINT (-1662.1497492873168 5616.28437419331)
434,747,POINT (-1431.0835359962373 2412.5176676963006)
435,519,POINT (-2266.1994348898033 5003.11609000739)
436,570,POINT (-1671.5231308437487 4055.4745297955787)
437,608,POINT (-1287.0236360976435 3232.233437428542)
438,497,POINT (-1197.4724705160024 2392.859100125612)
439,601,POINT (-1111.2507784205893 4393.2694155714635)
440,1051,POINT (-1695.1255136348232 5715.107685335772)
441,622,POINT (-2012.5619210105062 4956.647375350605)
442,592,POINT (-2607.270681970669 3055.5973831255787)
443,952,POINT (-1490.5412378949272 5089.588539738686)
444,1215,POINT (-1734.997283668829 5715.107685335772)
445,660,POINT (-1555.0584159964715 2796.3338303291357)
446,959,POINT (-2617.6002439678923 6871.402310205484)
447,1083,POINT (-1569.3371584531474 4735.182641334957)
448,575,POINT (-1175.487046953433 4477.73471232868)
449,748,POINT (-1623.7057594946937 3655.180302582578)
450,456,POINT (-2375.9834059072964 2529.9591391952954)
451,575,POINT (-1175.487046953433 4477.73471232868)
452,807,POINT (-550.3361529454938 4886.6123103088385)
453,970,POINT (-1391.7476936810656 4649.690187496199)
454,1181,POINT (-2617.6002439678923 6871.402310205484)
455,1250,POINT (-2642.646377498224 6878.9617101747945)
456,465,POINT (-2356.219940220357 4905.065772221811)
457,913,POINT (-602.0069144191575 6302.006900901817)
458,1496,POINT (-3307.201970027637 7807.902106279754)
459,520,POINT (-1432.1866950238887 2490.8868534433077)
460,620,POINT (-2357.3881506490807 5012.334824560589)
461,620,POINT (-2357.3881506490807 5012.334824560589)
462,651,POINT (-1698.0079892149288 3783.0793495919233)
463,453,POINT (-1308.782036561594 3296.1784824962406)
464,1209,POINT (-1972.0560983405658 4803.101299622459)
465,1209,POINT (-1972.0560983405658 4803.101299622459)
466,1120,POINT (-1845.1054225181472 6223.628607476944)
467,494,POINT (-1231.8320891955063 3500.083956993789)
468,638,POINT (-1180.704739876141 2563.522481673344)
469,795,POINT (-1359.3835055266122 2619.549130218945)
470,471,POINT (-2492.5233206370804 4559.8020845243145)
471,471,POINT (-2492.5233206370804 4559.8020845243145)
472,590,POINT (-1512.6811722117868 3871.1981672739585)
473,827,POINT (-1206.5527313280495 3302.6974923643133)
474,471,POINT (-2492.5233206370804 4559.8020845243145)
475,1156,POINT (-1827.5889154431457 6213.014624731367)
476,1179,POINT (-2426.29869133411 6222.441129147122)
477,538,POINT (-1300.5005974065157 2680.4859984349114)
478,800,POINT (-1300.5005974065157 2697.286250559213)
479,680,POINT (-1734.4191929334997 3692.7597946110614)
480,1194,POINT (-2401.058309657752 6214.165374816003)
481,458,POINT (-2466.012856848194 2592.227771800973)
482,1272,POINT (-1845.1054225181472 6223.628607476944)
483,989,POINT (-615.3610400980101 6219.202532754804)
484,509,POINT (-1474.1997386620997 3883.465862416033)
485,1023,POINT (-2469.018345585734 6775.141769759931)
486,945,POINT (-2625.1240507745365 6221.370149286384)
487,687,POINT (-1429.353143612694 2580.035226082107)
488,700,POINT (-1790.0333207747115 3740.314890371082)
489,1235,POINT (-2642.93180920579 6722.574294868897)
490,1009,POINT (-511.6638983353841 6049.269942635663)
491,813,POINT (-1998.4918225603542 4552.187553862719)
492,470,POINT (-2194.538213274417 2838.0164709864057)
493,574,POINT (-2247.098703128385 2826.5806648907183)
494,813,POINT (-1998.4918225603542 4552.187553862719)
495,718,POINT (-1302.4820872610612 3512.059329801013)
496,813,POINT (-1998.4918225603542 4552.187553862719)
497,1122,POINT (-823.7363210152198 5537.173528462925)
498,812,POINT (-2251.0632903770074 2782.763358650397)
499,1388,POINT (-4584.368731486514 7155.9069636684535)
500,988,POINT (-89.32987721731169 3506.898418268879)
501,715,POINT (-1746.4028129882463 3671.8773570744124)
502,451,POINT (-2523.1520452086224 3056.814237716957)
503,515,POINT (-1601.6432530219968 3794.37476375718)
504,1448,POINT (-4427.797589566513 7054.325309150965)
505,1040,POINT (-1343.386064771534 5973.348172541604)
506,979,POINT (-2642.646377498224 6878.9617101747945)
507,1597,POINT (-4360.129321835155 7227.9622308273465)
508,557,POINT (-1112.661584948115 3725.721049240871)
511,1652,POINT (-4511.231401030014 5065.876199195559)
513,1497,POINT (-4242.735828860157 5081.3865615235845)
515,1265,POINT (-1827.5889154431457 6213.014624731367)
516,1276,POINT (-2426.29869133411 6222.441129147122)
517,1104,POINT (-2521.2597617842057 6807.092075811003)
518,1227,POINT (-2521.2597617842057 6775.141769759931)
519,1112,POINT (-2990.840351165739 6119.660750810392)
520,1723,POINT (-4258.580996603396 5064.105567084209)
521,920,POINT (-1730.4047988627738 6267.150262561382)
522,1475,POINT (-3250.453564031748 7818.903748934763)
524,1386,POINT (-4568.814577541565 5046.631478745841)
525,1581,POINT (-4588.300400643255 4984.4571367891385)
527,980,POINT (-2990.840351165739 5982.126020632107)
528,1376,POINT (-4432.458431321647 4635.60733054454)
529,923,POINT (-2642.93180920579 6805.712475473836)
530,1114,POINT (-511.6638983353841 6179.954587182383)
531,1546,POINT (-4432.458431321647 4635.60733054454)
532,1667,POINT (-3266.5793492043804 7755.314857560063)
533,949,POINT (-1664.8873845475905 6169.220169851887)
534,1531,POINT (-4093.0097943044816 6481.1265029823135)
535,1133,POINT (-1645.3753259700366 6183.963719673016)
536,1623,POINT (-4161.3549714993205 7351.021406601507)
537,697,POINT (-2297.9045965194864 4929.991861131035)
538,1218,POINT (-1625.8632673924826 6198.707269494145)
540,948,POINT (-320.0839236943364 3603.0707659966456)
542,1677,POINT (-4161.3549714993205 7302.650118466236)
543,983,POINT (-470.07226392738164 5254.480460709678)
544,1214,POINT (-1730.5657970349366 6085.754816817689)
545,1260,POINT (-532.2489505367064 5202.508753265422)
546,1434,POINT (-4227.336286275546 5374.572809539084)
547,1692,POINT (-4133.06096860814 5289.4813671957)
548,1426,POINT (-4584.368731486514 7155.9069636684535)
549,1555,POINT (-4576.104565512134 7136.203574822169)
550,942,POINT (33.054785041364894 3467.7464824486233)
551,1091,POINT (33.054785041364894 3467.7464824486233)
552,1632,POINT (-4584.368731486514 7155.9069636684535)
554,1233,POINT (-54.60842551946594 5328.444832535462)
555,1109,POINT (15.49164600866518 5243.946538390235)
556,1238,POINT (-490.42848485367756 5933.228355514893)
557,936,POINT (-1649.0061333088274 6088.013410245379)
559,1267,POINT (-574.8545408956802 6184.855099073229)
560,1429,POINT (-4233.8201965357175 7326.64230223635)
561,1631,POINT (-4243.5046303855 7229.10887560154)
562,1440,POINT (-4586.9431311742255 7246.7904683381175)
563,943,POINT (-140.15955565775582 3603.0707659966456)
564,782,POINT (-1734.4191929334997 3692.7597946110614)
565,1095,POINT (-3399.31453406964 6006.532233055757)
566,993,POINT (-1631.9916221192786 6106.479357390968)
569,999,POINT (-1649.0061333088274 6088.013410245379)
570,1100,POINT (-506.5675166764355 5634.864588708617)
571,1137,POINT (-506.5675166764355 5743.523632998128)
573,459,POINT (-2104.405193411366 3667.258808232208)
576,38,POINT (1417.1760566368287 3332.468498865699)
578,1473,POINT (-4226.071872137537 5496.583118168994)
579,974,POINT (-1612.7659337843802 4919.669823464181)
581,1184,POINT (-497.9172402093433 5662.029349780994)
582,951,POINT (-95.17846364861066 3562.7527670847094)
583,958,POINT (-369.94252946578285 5263.7092311840615)
584,1659,POINT (-4431.323604919651 4695.8403940366825)
585,1462,POINT (-4124.780262092645 5743.086391053597)
586,1519,POINT (-4124.780262092645 5660.153645236451)
587,1149,POINT (-389.0222599771563 5271.565401557664)
588,1154,POINT (-369.94252946578285 5263.7092311840615)
590,907,POINT (-1873.321906160364 5782.470763252524)
591,1549,POINT (-4344.452303596164 6594.347107643116)
592,1627,POINT (-4136.182027840223 5680.886831690737)
593,1638,POINT (-4113.378496345067 5680.886831690737)
594,1703,POINT (-4136.182027840223 5639.420458782164)
596,1242,POINT (-3006.1304692527756 6136.852592082678)
597,997,POINT (-1962.6146755160657 5797.276162062822)
598,756,POINT (-1613.0453946609055 3631.1979621903865)
600,1012,POINT (-2856.115258780107 6604.438451924698)
601,1150,POINT (-1828.6755214825132 5797.276162062822)
606,1178,POINT (-1739.3827521268113 5767.665364442226)
607,990,POINT (-2610.5184815063512 6587.644626145553)
608,1041,POINT (-2610.5184815063512 6618.97054327486)
609,769,POINT (-1623.7057594946937 3655.180302582578)
610,1103,POINT (-165.5999331295073 5260.805527774772)
612,801,POINT (-1613.0453946609055 3631.1979621903865)
613,1201,POINT (-207.44845187574333 5214.852253865081)
614,777,POINT (-1412.1080502898594 2510.406202853954)
616,1700,POINT (-4616.8276422669405 4697.617539507538)
618,1361,POINT (-3538.2315355629644 7162.6002932874835)
619,1414,POINT (-3581.037298689358 7172.023379646174)
620,995,POINT (-2.201149572531972 3467.7464824486233)
622,1000,POINT (-63.68896675059665 4868.689584138492)
623,1458,POINT (-3922.626876156967 7282.4185261867715)
624,1101,POINT (-618.0650589155872 4087.839076893465)
625,1490,POINT (-3875.1436726401644 7236.8015838257925)
626,1131,POINT (-244.62194757234778 4440.110454026924)
627,1524,POINT (-3875.1436726401644 7282.4185261867715)
630,1245,POINT (-165.5999331295073 5260.805527774772)
631,1528,POINT (-3863.2728717609634 7248.205819416037)
632,1602,POINT (-3922.626876156967 7282.4185261867715)
633,479,POINT (-2079.137145156913 3650.6106929224743)
635,962,POINT (-694.1547645624357 6329.574564276278)
636,735,POINT (-2264.2549732775105 3056.506102149513)
637,1055,POINT (-713.3451653741274 6339.595899906177)
638,104,POINT (472.7222347079784 2221.8192620668133)
640,784,POINT (-567.7565018610546 4873.227525333588)
642,105,POINT (110.29459020492618 509.20279882430367)
644,139,POINT (110.29459020492618 509.20279882430367)
645,219,POINT (501.0400177552985 2280.4328579134835)
646,1046,POINT (-3366.122556039276 5214.924087026799)
648,1173,POINT (-1531.1328847088653 5597.244219744858)
649,1499,POINT (-4602.758597842296 7604.489701961552)
650,1371,POINT (-3134.7739074608485 6298.465427429669)
651,241,POINT (-1613.469903775158 1032.3722168864751)
652,792,POINT (-2178.2066967713 4808.476104745122)
654,1224,POINT (260.06975944481036 4793.8028444771135)
656,282,POINT (-1626.6176882627205 998.2348446235967)
659,1199,POINT (-105.6973505118205 3807.476197674914)
660,908,POINT (-582.399123195597 6378.2793775134405)
661,614,POINT (-1996.5258614462555 3094.371038681449)
662,1625,POINT (-4584.344494183642 7365.069828118356)
664,1679,POINT (-4593.207025131936 7528.30370916249)
665,1573,POINT (-4405.993716340956 4838.595589589593)
666,461,POINT (-1359.3835055266122 2567.8791799505025)
667,763,POINT (-1289.2752815572362 2580.796667517613)
669,781,POINT (-1359.3835055266122 2567.8791799505025)
671,1564,POINT (-3609.9478165908977 7352.163997449594)
672,1177,POINT (-1664.8873845475905 6169.220169851887)
673,1404,POINT (-4576.104565512134 7136.203574822169)
674,1092,POINT (-565.5506282661323 5229.883061527234)
675,1249,POINT (12.631829182070042 5340.500579439835)
676,1484,POINT (-4576.104565512134 7136.203574822169)
677,1534,POINT (-4584.368731486514 7155.9069636684535)
678,1020,POINT (-3660.2646170373177 5654.560913915973)
679,1079,POINT (-3071.594004654063 6045.059000833063)
680,1541,POINT (-4586.9431311742255 7246.7904683381175)
681,964,POINT (-620.4288122455057 5178.080886773333)
682,1108,POINT (-631.70931394254 5235.784802795344)
683,1722,POINT (-4586.9431311742255 7246.7904683381175)
684,1126,POINT (23.631407644464858 5219.167319082662)
685,1187,POINT (15.49164600866518 5243.946538390235)
686,1134,POINT (-597.8866256478386 6050.755580477325)
687,1027,POINT (-2988.093633573976 6391.621713056678)
688,1024,POINT (-389.0222599771563 5271.565401557664)
689,1082,POINT (-369.94252946578285 5263.7092311840615)
690,1145,POINT (-3401.8347864707885 4817.964611036156)
691,1275,POINT (-3375.994636611187 4809.663590611068)
692,1142,POINT (353.46630938349324 5036.394910300052)
693,1152,POINT (345.06266211374634 5055.5261801554925)
694,904,POINT (-2633.517834631224 6603.307584710206)
695,1064,POINT (-2656.517187756097 6618.97054327486)
696,1202,POINT (-217.91058156230235 5249.317209297349)
697,1210,POINT (-1292.276742397422 5841.29533162773)
698,1170,POINT (-2610.5184815063512 6587.644626145553)
699,1170,POINT (-2610.5184815063512 6587.644626145553)
700,1144,POINT (-2956.769624297317 6391.621713056678)
701,1013,POINT (-584.8389141438795 6072.416597485497)
702,1170,POINT (-2610.5184815063512 6587.644626145553)
703,901,POINT (-183.39469999911827 5328.335829851048)
704,1273,POINT (-667.0948413013051 6006.316308944972)
705,628,POINT (-2297.9584517280755 4779.708385897831)
706,918,POINT (-2106.2859009537306 5797.207128796289)
707,1170,POINT (-2610.5184815063512 6587.644626145553)
708,935,POINT (-3610.0936121106943 5706.288268656919)
709,1585,POINT (-3268.8986156548335 7641.3645045801995)
710,1600,POINT (-3318.2481685138528 7641.3645045801995)
711,1246,POINT (-667.0948413013051 6034.319915116856)
712,1246,POINT (-667.0948413013051 6034.319915116856)
713,1246,POINT (-667.0948413013051 6034.319915116856)
714,1159,POINT (-754.3492553560491 5537.173528462925)
715,941,POINT (-183.39469999911827 5328.335829851048)
716,1159,POINT (-754.3492553560491 5537.173528462925)
717,1246,POINT (-667.0948413013051 6034.319915116856)
718,1176,POINT (-463.3161343409744 5770.688394070507)
719,972,POINT (-3374.45498044692 5196.629217472029)
720,615,POINT (-1215.1257814052028 3636.771970334341)
721,1176,POINT (-463.3161343409744 5770.688394070507)
722,969,POINT (-1460.0928628397612 5982.023394905787)
723,1176,POINT (-463.3161343409744 5770.688394070507)
724,1675,POINT (-4584.719945687293 4739.946539702664)
725,1014,POINT (-2128.4087303669476 5789.668072350837)
726,1037,POINT (-1782.807125874992 5841.088755296831)
727,1203,POINT (-3331.684761000044 5561.706680953195)
728,1459,POINT (-4583.825739742862 7612.940521286146)
729,1086,POINT (-2386.1537768899043 5877.001177988991)
730,506,POINT (-1112.661584948115 3805.031831293623)
731,1096,POINT (-3663.4136697448293 4812.3758241414525)
732,1629,POINT (-4593.207025131936 7397.716604327183)
733,1640,POINT (-4593.207025131936 7463.010156744836)
734,1098,POINT (-2054.4877584392607 5863.511699319407)
735,1420,POINT (-4359.956232976078 4838.595589589593)
736,1481,POINT (-4449.548264617071 5116.566482675666)
737,1183,POINT (-771.5730523385232 5378.048731270377)
738,1111,POINT (-3663.4136697448293 4812.3758241414525)
739,984,POINT (-1550.2078167200907 5992.041051046559)
740,1160,POINT (-1469.919336393918 5996.044905792193)
741,1183,POINT (-771.5730523385232 5378.048731270377)
742,1485,POINT (-4449.548264617071 5150.9355218222845)
743,1578,POINT (-4500.939887921801 5116.566482675666)
744,1045,POINT (-1528.1519634264969 5919.883692579452)
745,1510,POINT (-4485.176712325218 7602.587584324485)
746,957,POINT (-1295.437477582791 5959.376057438587)
747,1537,POINT (-4312.897380018021 7624.273340801388)
748,1093,POINT (-2988.093633573976 6301.231944801589)
749,1093,POINT (-2988.093633573976 6301.231944801589)
750,1093,POINT (-2988.093633573976 6301.231944801589)
751,1019,POINT (-798.8628411816139 3713.558009663553)
752,1052,POINT (-365.06501570348155 3616.510098967291)
753,1223,POINT (-1367.3603583659055 5980.334230093113)
754,1093,POINT (-2988.093633573976 6301.231944801589)
755,1164,POINT (-2990.840351165739 6050.89338572125)
758,1569,POINT (-3578.519490320632 7317.286291979784)
759,1431,POINT (-3998.5977761677677 6552.870791611558)
763,1645,POINT (-4322.6246669923985 5063.426279452253)
764,366,POINT (938.0734960743036 2479.2746287383034)
765,1384,POINT (-3922.184935930726 5655.636275798803)
766,1682,POINT (-4322.6246669923985 5063.426279452253)
767,41,POINT (-1934.0445115651764 783.8901202563607)
769,277,POINT (1471.614073384596 3419.399761740284)
770,1502,POINT (-4028.1451432319127 6563.13915343977)
772,1634,POINT (-4411.7126526365555 4644.449348411632)
775,1714,POINT (-3998.5977761677677 6552.870791611558)
776,478,POINT (-1206.5527313280495 3302.6974923643133)
777,476,POINT (-1223.284282151744 3932.790230938864)
778,1560,POINT (-3387.1360810753495 7420.454434171537)
779,370,POINT (1562.957383872136 3260.773730909349)
781,23,POINT (-517.6567145846232 1675.8122265571778)
782,1139,POINT (-183.39469999911827 5328.335829851048)
783,1727,POINT (-4312.897380018021 7602.587584324485)
784,1596,POINT (-3787.2835058194933 7444.296955675183)
786,42,POINT (-584.6593803564347 1653.1374091367215)
787,124,POINT (210.1736674123727 875.8050257714918)
788,1606,POINT (-3765.991924163507 7453.379751992392)
795,1574,POINT (-4481.2224437813875 4834.3030347512395)
796,1412,POINT (-4463.741301356779 7068.071620530996)
797,584,POINT (-1219.3575332548498 3387.294219472372)
798,1167,POINT (163.05876545525672 4036.153564956029)
800,132,POINT (1407.6656151449383 3490.8932244227935)
801,1656,POINT (-4499.6850131470455 7081.817931911028)
803,691,POINT (-1671.9194260679508 3427.2910956350943)
804,1587,POINT (-3319.0105229119213 7516.249751634658)
805,725,POINT (-1633.9538259439432 3427.2910956350943)
807,198,POINT (429.89792875971733 2384.9383099256006)
809,1428,POINT (-4507.177101861951 7503.549114210993)
810,236,POINT (-1025.4630206407976 1458.3944579281979)
811,486,POINT (-2249.7800462578525 2506.043282990142)
812,1530,POINT (-4507.177101861951 7542.97976303824)
813,627,POINT (-2270.6578698439153 2491.4185864149313)
814,1685,POINT (-4416.7989619257205 7503.549114210993)
815,500,POINT (-1610.5223443543068 2813.367518665328)
819,576,POINT (-1344.716090820415 3889.9316368179843)
820,672,POINT (-1004.6554635101361 3073.949548440335)
821,56,POINT (1810.3718590599055 5143.560776617284)
822,166,POINT (618.624018010996 419.60786747728764)
823,176,POINT (1749.5557672904667 5173.115168698089)
826,1470,POINT (-4574.579557760531 7091.464803636176)
829,178,POINT (1749.5557672904667 5318.390261574644)
830,326,POINT (1236.8571929820146 3223.993525125278)
833,552,POINT (-528.2968919760641 4692.663312867456)
835,1456,POINT (-3958.4276880307434 5655.636275798803)
836,678,POINT (-1472.3230756694177 2683.7530180975455)
837,221,POINT (-1328.614452264042 2191.428689360829)
838,351,POINT (669.5108365380436 3276.917186613041)
840,1616,POINT (-4588.788594815711 7076.2404077290485)
841,1666,POINT (-3193.7051580358593 7829.905391589771)
843,1135,POINT (-3622.6363633423503 5693.356429971683)
844,1670,POINT (-4574.579557760531 7091.464803636176)
845,53,POINT (-2025.813803104962 1958.7809422263379)
848,1432,POINT (-4130.202984857153 6891.30453948321)
849,1044,POINT (-667.0948413013051 6006.316308944972)
850,1469,POINT (-4130.202984857153 6891.30453948321)
851,1400,POINT (-4052.8109206458794 5505.969150083777)
852,1127,POINT (-1683.4605388305554 5609.313712228895)
854,46,POINT (332.4271144442423 799.1239162888926)
857,1393,POINT (-4138.639971743418 5464.111535592655)
861,1501,POINT (-3867.6898916994483 7163.711898319493)
863,1427,POINT (-4074.268183420264 5516.433553706558)
865,605,POINT (-1015.4410351677366 3017.7174656996385)
866,1686,POINT (-3769.266951831868 6831.602100053783)
868,372,POINT (607.4422584943111 2897.2122199187506)
869,1672,POINT (-4228.134177787675 7056.028133578915)
870,1540,POINT (-3769.266951831868 6737.769624697127)
871,726,POINT (-1223.8782379583222 3068.6191349874207)
873,751,POINT (-1083.485265163434 3068.2882291896303)
874,1702,POINT (-3868.7887302507797 5408.24732835292)
877,1358,POINT (-4201.0204402863965 4891.392283841669)
878,1365,POINT (-4586.097776446638 4815.025253428146)
879,1674,POINT (-4593.803238940883 4837.0293414946)
880,240,POINT (-799.3152793914082 1344.339855881131)
881,1731,POINT (-3330.5855567286076 7588.646019451729)
882,142,POINT (2019.6978881201785 5313.8750965461)
888,1523,POINT (-3284.983953565058 7301.352692781479)
889,334,POINT (-12.938059864070794 46.52518871810904)
890,1378,POINT (-3769.266951831868 6643.9371493404715)
891,1544,POINT (-3323.451449057451 7389.069307982701)
893,1710,POINT (-4151.756519130573 6975.810493637413)
894,1718,POINT (-4106.504459734156 6975.810493637413)
895,1547,POINT (-4349.886551736498 7416.998596554109)
898,1583,POINT (-4331.460329246782 5005.224481340949)
899,1660,POINT (-4292.475664341306 5005.224481340949)
903,564,POINT (-1202.908077992538 3011.6191473721665)
904,916,POINT (-1616.0766221036315 5663.496583772971)
905,1380,POINT (-3810.4546170358453 7158.25513746027)
906,1230,POINT (-3071.594004654063 6045.059000833063)
908,1520,POINT (-3775.920688442221 7170.700773430399)
910,1687,POINT (-3764.409378911013 7158.25513746027)
912,1379,POINT (-4079.8422350651927 5075.71588841395)
913,922,POINT (-1715.061398651826 5699.066136769006)
914,19,POINT (2231.8918158524557 4564.949488328515)
915,1394,POINT (-3286.069076202844 6620.496821973378)
916,709,POINT (-1117.8112263202204 2920.893385477977)
917,1688,POINT (-3775.920688442221 7170.700773430399)
918,598,POINT (-1395.0105726976412 3810.919525268514)
921,1576,POINT (-4160.0972345178025 5474.575939215436)
922,779,POINT (-1438.8897024785804 3828.5821530680487)
926,1052,POINT (-365.06501570348155 3616.510098967291)
927,1052,POINT (-365.06501570348155 3616.510098967291)
928,1352,POINT (-3244.688142210003 7225.400418177696)
929,1450,POINT (-3267.9265412308396 6628.086768527013)
930,1052,POINT (-365.06501570348155 3616.510098967291)
931,1038,POINT (-3584.169647008888 5886.074291586372)
932,1444,POINT (-3203.833411679996 7213.180296940709)
933,1553,POINT (-4520.72445028796 4799.4732453708675)
934,18,POINT (-733.4490637682554 1291.7750705612282)
935,1593,POINT (-4481.2224437813875 4799.4732453708675)
936,1363,POINT (-3319.0105229119213 7516.249751634658)
937,1436,POINT (-3311.1496739275576 7541.831722834495)
938,1186,POINT (-3006.1304692527756 5999.317861904392)
939,1561,POINT (-4095.0099242924625 5237.604744039539)
940,1513,POINT (-3286.069076202844 6620.496821973378)
941,1545,POINT (-3267.9265412308396 6628.086768527013)
942,1487,POINT (-3800.1266909618967 6429.993027987555)
943,1366,POINT (-4201.0204402863965 4891.392283841669)
944,47,POINT (2115.8452080908246 4063.6161001643227)
945,1221,POINT (-3422.256915733257 6029.603573653008)
946,1513,POINT (-3286.069076202844 6620.496821973378)
947,155,POINT (-1482.9006353258396 978.7361235112637)
948,1074,POINT (327.21180331687873 4749.996807884298)
949,1454,POINT (-3393.061110989168 7157.163565368814)
950,250,POINT (2191.451754179263 5018.857189580738)
951,1711,POINT (-3225.8933312424388 6396.09664632048)
952,256,POINT (2179.5103652880916 5037.116105993253)
953,1256,POINT (427.9248691249813 4739.045298736094)
954,1515,POINT (-3393.061110989168 7157.163565368814)
955,314,POINT (-1473.1756324816884 954.9226790202229)
956,94,POINT (-1692.8163360659346 1826.6295508653525)
957,1443,POINT (-3867.255165438025 7440.728021402516)
958,70,POINT (820.2880333847281 335.2976113816195)
959,1706,POINT (-3284.983953565058 7301.352692781479)
960,1257,POINT (-480.6166872751588 5770.688394070507)
961,265,POINT (-418.9564517321169 1758.1706991335109)
962,1464,POINT (-3399.6239274729933 7315.793402301746)
963,265,POINT (-418.9564517321169 1758.1706991335109)
964,1478,POINT (-4349.886551736498 7507.586472900703)
965,265,POINT (-418.9564517321169 1758.1706991335109)
966,265,POINT (-418.9564517321169 1758.1706991335109)
967,1661,POINT (-4048.4366726678795 5179.71407381679)
968,1419,POINT (-4208.9329983659945 5557.091112268996)
969,156,POINT (-1504.9375535551637 1889.1871542928043)
970,377,POINT (690.5162379978467 335.2976113816195)
971,49,POINT (2408.901432879168 4047.7974224702016)
972,1409,POINT (-4292.475664341306 4902.454727302533)
973,95,POINT (2211.1188040814286 5274.6845577950235)
974,1609,POINT (-4214.50633453035 5005.224481340949)
975,618,POINT (-1772.763515447367 2625.349838476126)
976,825,POINT (-1801.9631496004336 2614.45432059058)
977,1407,POINT (-4416.695042561156 4977.450007835247)
978,1416,POINT (-4434.422104212888 7428.9951763507015)
979,1472,POINT (-4449.8840082154675 7416.02161258647)
980,1395,POINT (-4338.252772636635 7217.675876721237)
981,1724,POINT (-4588.300400643255 4984.4571367891385)
982,144,POINT (1243.5288423672143 1540.866730285462)
983,341,POINT (1251.8007432813702 1567.863619897268)
984,791,POINT (-1601.6432530219968 3794.37476375718)
985,531,POINT (-2048.731216510155 2751.3759024529922)
986,821,POINT (-2026.5345554650667 2779.600187452389)
987,621,POINT (-2358.870709199079 2590.634907170782)
988,722,POINT (-2376.131696641821 2575.003822761773)
989,1435,POINT (-4307.515858505396 6659.270436138345)
990,1514,POINT (-3473.6445011407923 6520.033588957131)
991,688,POINT (-1077.2836471302037 3465.1605771882532)
992,175,POINT (1044.708962788913 438.75125116862)
993,13,POINT (733.3292645996678 2093.8026404265943)
994,1579,POINT (-3554.4323779079987 6514.242848380338)
995,1612,POINT (-4115.283920203475 7302.650118466236)
996,1713,POINT (-4126.8016830274355 7363.114228635324)
997,607,POINT (-1843.935512637856 3481.309980988731)
998,1374,POINT (-4240.854188191495 5326.456347742023)
999,51,POINT (2114.934830274308 5099.799243827387)
1000,345,POINT (141.3756574117688 799.1239162888926)
1001,275,POINT (930.4769772794355 2579.157628965904)
1002,528,POINT (-2252.3844558787523 2675.0897967409323)
1003,1538,POINT (-4254.372090107446 5254.281655046432)
1004,460,POINT (-2464.4070029457907 3264.934956124254)
1005,1558,POINT (-4167.108228026315 5249.200826571999)
1006,1633,POINT (-4227.336286275546 5302.398116843493)
1007,1620,POINT (-3969.0504091036228 6563.13915343977)
1008,525,POINT (-2158.723146778084 2525.141681242502)
1009,663,POINT (-2366.8125352782386 4880.767219945067)
1010,597,POINT (-2114.6474042009013 2602.884683527168)