Pub_RestaurantId,Week_number,Revenue,Open,Close,High,Low
442,1,11117.38088,121,171,213,94
442,2,8110.65037,50,99,171,50
442,3,7047.218717,51,92,153,51
442,4,6279.146407,39,108,133,38
442,5,5334.766516,35,65,92,30
442,6,4335.847552,31,58,77,31
442,7,4293.751944,36,66,96,27
442,8,4912.764399,20,61,120,20
442,9,4977.203217,26,66,88,26
442,10,4264.768084,33,66,106,18
442,11,3552.593219,15,52,91,15
442,12,3490.484946,24,78,78,21
442,13,3478.063292,21,64,70,20
442,14,5093.250415,32,87,87,19
442,15,3707.863902,21,81,81,19
442,16,4053.599955,36,79,79,19
442,17,3520.158899,23,71,71,17
442,18,3723.736016,33,65,95,25
442,19,3768.591991,26,78,89,18
442,20,3250.332957,20,79,79,15
442,21,3831.390356,41,83,83,17
442,22,3600.209562,30,77,77,15
442,23,3461.501085,17,65,78,15
442,24,3818.27861,25,78,81,25
442,25,4156.423652,27,69,101,20
442,26,4040.488209,35,94,94,16
442,27,3331.073712,23,59,85,9
442,28,3946.635707,31,95,95,22
442,29,3788.604657,27,75,75,27
442,30,3715.454913,28,83,83,12
442,31,5913.3812,37,77,77,19
442,32,3092.301907,21,71,71,20
442,33,4609.814045,35,117,117,16
442,34,3354.536837,17,76,76,17
442,35,3940.42488,28,113,113,14
442,36,3577.436528,29,65,77,20
442,37,3504.286785,15,76,80,15
442,38,3596.759102,20,80,80,20
442,39,4014.264716,33,87,87,20
442,40,5504.734506,34,97,97,21
442,41,3728.56666,17,85,93,12
442,42,3843.812011,32,86,86,16
442,43,4178.506593,31,108,108,21
442,44,4590.069694,35,74,91,17
442,45,4151.593008,34,88,88,23
442,46,3707.863902,38,85,85,20
442,47,3422.855938,45,71,71,18
442,48,3398.70272,32,79,79,21
442,49,5681.440449,34,75,106,26
442,50,3376.619779,42,72,72,17
442,51,3680.950317,36,80,80,19
442,52,3377.309871,34,64,70,14
442,53,3605.730297,34,79,79,12
442,54,3478.063292,19,83,83,13
442,55,3297.9493,22,63,73,14
442,56,3685.090868,31,70,97,16
442,57,5811.741464,18,83,89,17
442,58,3409.744191,28,83,83,10
442,59,3340.044907,32,83,83,17
442,60,3482.203843,43,81,81,10
442,61,3321.412425,42,51,56,17
442,62,3617.46186,30,70,75,17
442,63,3638.164618,19,96,96,19
442,64,3517.398531,21,81,82,16
442,65,933.0042798,27,20,27,20
443,1,8273.678577,113,138,211,75
443,2,7372.028904,63,98,193,63
443,3,6154.855325,52,97,143,52
443,4,4920.568585,31,103,103,31
443,5,6459.663027,34,74,110,34
443,6,3608.203048,29,53,91,25
443,7,3756.338848,27,71,92,27
443,8,3462.741179,41,62,88,25
443,9,4158.929041,31,61,63,23
443,10,3307.653157,29,83,86,21
443,11,2565.369797,29,50,67,18
443,12,3212.995985,30,73,76,26
443,13,2702.275086,25,56,79,22
443,14,2569.648087,33,51,81,7
443,15,3384.127596,24,78,87,24
443,16,2966.994295,21,58,83,21
443,17,2764.310294,28,75,75,18
443,18,4942.554063,22,61,75,19
443,19,2818.323709,25,77,77,14
443,20,2897.472079,24,93,93,16
443,21,2776.610379,26,81,81,20
443,22,3708.492131,30,61,61,18
443,23,2707.088162,21,41,76,18
443,24,2951.485493,38,76,76,19
443,25,3238.665727,22,77,93,22
443,26,2984.107456,23,83,83,16
443,27,3530.261839,31,68,68,19
443,28,2776.075593,28,59,74,18
443,29,3342.414266,26,94,94,20
443,30,3127.964966,29,92,92,22
443,31,3424.374155,23,62,74,19
443,32,2810.836701,27,68,68,16
443,33,3472.367332,33,107,107,21
443,34,2527.399971,25,63,63,17
443,35,3100.15608,24,78,82,18
443,36,3556.005211,21,69,73,19
443,37,2973.411731,21,77,78,18
443,38,2865.919688,27,66,70,17
443,39,2853.084817,25,62,78,19
443,40,2754.684141,36,91,91,14
443,41,2663.235687,24,50,66,18
443,42,3107.643088,27,57,78,19
443,43,3129.034539,26,108,108,21
443,44,2622.057143,16,48,55,15
443,45,3084.112491,41,66,90,22
443,46,3001.755404,24,75,83,17
443,47,2734.897049,32,73,73,13
443,48,3148.821631,28,61,61,26
443,49,4311.009971,25,58,89,23
443,50,2656.818252,23,85,85,11
443,51,2806.558411,34,67,81,16
443,52,3071.27762,22,73,95,16
443,53,3721.906486,31,85,85,13
443,54,2941.324554,24,72,93,15
443,55,2788.910463,24,79,79,19
443,56,2933.30276,30,84,84,19
443,57,4489.773647,27,85,85,20
443,58,2412.955707,20,57,57,14
443,59,3272.357263,55,78,81,19
443,60,2745.592774,44,65,65,16
443,61,3378.081855,25,45,45,15
443,62,3204.439405,48,76,84,15
443,63,2583.017745,7,84,84,7
443,64,2488.360573,25,69,69,7
443,65,1001.119921,31,30,31,21
444,1,7347.774871,66,114,125,9
444,2,7661.271544,55,67,96,42
444,3,6613.836171,52,72,97,36
444,4,5919.739857,32,71,83,32
444,5,6469.414098,25,61,76,25
444,6,5020.140708,32,47,59,26
444,7,4508.480586,23,67,67,23
444,8,4412.020071,29,46,71,25
444,9,4377.718412,18,39,45,18
444,10,4668.898616,35,48,75,21
444,11,4014.644689,18,49,75,13
444,12,4296.686846,17,65,68,16
444,13,3956.978077,22,42,78,13
444,14,4457.191923,16,50,66,16
444,15,3671.790468,25,33,69,14
444,16,3858.420594,30,49,53,19
444,17,4120.541558,24,59,59,19
444,18,3770.34795,19,64,64,17
444,19,3704.293467,15,59,59,10
444,20,3677.032887,25,43,53,18
444,21,3860.517562,32,62,62,16
444,22,4361.428715,26,50,56,15
444,23,3737.844951,25,54,55,16
444,24,3106.657669,9,25,57,9
444,25,3994.723496,28,35,59,17
444,26,4730.759163,35,49,89,17
444,27,4839.453645,27,38,42,13
444,28,4017.79014,23,57,57,17
444,29,3695.905596,19,63,63,18
444,30,4069.165849,19,78,78,15
444,31,3515.566373,26,41,51,17
444,32,4333.383781,38,49,71,21
444,33,4002.062883,22,73,73,21
444,34,3989.481076,23,84,84,18
444,35,3418.057374,19,48,53,10
444,36,4720.749202,20,75,75,16
444,37,3307.966569,13,63,63,13
444,38,3408.621019,20,61,61,12
444,39,3821.723659,27,49,49,14
444,40,4351.364112,23,54,63,13
444,41,3729.45708,18,54,61,12
444,42,3743.08737,27,52,54,17
444,43,4060.777979,18,70,70,16
444,44,3819.626691,19,54,54,17
444,45,4062.874946,26,66,66,11
444,46,3805.996401,15,60,60,14
444,47,3764.057047,24,58,58,14
444,48,3772.444918,36,43,43,21
444,49,5382.859112,30,55,58,18
444,50,3120.287959,18,34,55,13
444,51,4097.474914,29,58,58,24
444,52,3919.232658,24,65,65,19
444,53,3803.899434,28,71,71,8
444,54,3134.966733,14,49,49,14
444,55,4122.638526,22,40,76,14
444,56,3844.790304,16,68,68,15
444,57,3133.918249,20,30,57,16
444,58,3656.06321,19,52,65,17
444,59,3091.978895,26,60,60,8
444,60,3980.044722,34,58,58,14
444,61,3105.609185,21,44,44,13
444,62,3736.796467,33,48,59,15
444,63,3500.887599,18,52,52,18
444,64,3846.887272,26,48,54,10
444,65,873.387053,19,18,19,16
445,1,519.9587308,22,13,22,13
445,2,592.0322182,16,16,20,14
445,3,592.0322182,18,13,18,13
445,4,669.2538119,21,19,21,16
445,5,643.5132807,17,18,20,16
445,6,684.6981307,19,21,21,17
445,7,705.2905557,21,21,21,17
445,8,669.2538119,18,16,20,16
445,9,674.4019182,20,12,23,12
445,10,628.068962,15,14,20,14
445,11,720.7348744,20,20,23,16
445,12,694.9943432,20,18,23,16
445,13,664.1057057,17,18,20,17
445,14,669.2538119,22,13,22,13
445,15,720.7348744,20,21,21,18
445,16,633.2170682,16,18,20,16
445,17,669.2538119,21,11,22,11
445,18,710.4386619,19,23,23,16
445,19,689.8462369,20,17,21,17
445,20,653.8094932,19,19,19,15
445,21,710.4386619,19,23,23,17
445,22,664.1057057,21,14,22,14
445,23,674.4019182,18,14,21,14
445,24,653.8094932,21,15,21,15
445,25,664.1057057,17,19,22,16
445,26,679.5500244,16,25,25,16
445,27,664.1057057,17,15,21,15
445,28,622.9208557,18,16,20,14
445,29,694.9943432,19,15,22,15
445,30,664.1057057,15,22,22,15
445,31,684.6981307,18,16,21,16
445,32,638.3651745,20,14,20,14
445,33,658.9575994,19,16,22,16
445,34,710.4386619,21,19,21,18
445,35,674.4019182,19,13,23,13
445,36,648.661387,19,20,20,16
445,37,638.3651745,19,13,20,13
445,38,658.9575994,16,20,21,13
445,39,674.4019182,17,21,21,17
445,40,664.1057057,18,15,23,15
445,41,700.1424494,17,20,22,17
445,42,648.661387,19,14,20,14
445,43,679.5500244,18,16,22,16
445,44,679.5500244,20,20,20,16
445,45,694.9943432,20,18,21,18
445,46,612.6246432,19,18,19,14
445,47,689.8462369,21,18,21,16
445,48,679.5500244,19,21,21,16
445,49,705.2905557,19,19,21,18
445,50,679.5500244,22,18,22,18
445,51,725.8829806,20,20,21,19
445,52,653.8094932,21,16,21,13
445,53,648.661387,20,20,20,13
445,54,658.9575994,21,24,24,15
445,55,669.2538119,23,17,23,16
445,56,622.9208557,16,19,20,14
445,57,700.1424494,20,18,21,18
445,58,694.9943432,21,22,22,16
445,59,694.9943432,19,18,22,17
445,60,694.9943432,18,21,22,16
445,61,669.2538119,18,17,20,17
445,62,684.6981307,19,19,22,16
445,63,664.1057057,18,19,21,16
445,64,643.5132807,19,15,21,15
445,65,283.1458435,17,20,20,17
446,1,1118.456447,51,37,60,37
446,2,1197.750001,51,25,51,25
446,3,1302.083625,46,38,50,38
446,4,1181.056621,38,36,46,36
446,5,1193.576656,43,41,43,36
446,6,1256.17683,50,39,50,36
446,7,1139.323172,44,30,46,30
446,8,1160.189896,41,35,44,34
446,9,1210.270036,44,34,47,34
446,10,1172.709931,39,39,47,33
446,11,1122.629792,41,41,44,32
446,12,1143.496516,43,42,43,31
446,13,1130.976482,35,25,46,25
446,14,1193.576656,44,32,51,32
446,15,1122.629792,41,28,48,28
446,16,1189.403311,46,37,46,34
446,17,1172.709931,42,40,42,33
446,18,1130.976482,41,37,44,34
446,19,1176.883276,37,35,49,35
446,20,1172.709931,45,36,45,36
446,21,1147.669861,46,31,46,31
446,22,1118.456447,41,31,43,31
446,23,1164.363241,47,29,47,29
446,24,1110.109757,34,30,43,30
446,25,1156.016551,40,37,42,36
446,26,1226.963415,46,38,46,38
446,27,1181.056621,43,35,47,35
446,28,1156.016551,40,40,43,36
446,29,1126.803137,37,36,44,34
446,30,1151.843206,37,37,43,37
446,31,1206.096691,42,33,50,33
446,32,1151.843206,44,33,44,33
446,33,1164.363241,42,36,46,33
446,34,1189.403311,40,43,50,35
446,35,1114.283102,41,35,41,35
446,36,1122.629792,39,34,43,34
446,37,1105.936412,34,37,46,28
446,38,1193.576656,44,42,44,37
446,39,1139.323172,45,33,46,33
446,40,1201.923346,43,33,50,33
446,41,1097.589722,45,25,45,25
446,42,1147.669861,40,42,46,30
446,43,1172.709931,39,44,44,36
446,44,1130.976482,37,35,46,35
446,45,1176.883276,41,41,42,38
446,46,1143.496516,39,27,43,27
446,47,1130.976482,40,32,46,32
446,48,1206.096691,42,32,47,32
446,49,1206.096691,44,45,45,37
446,50,1122.629792,40,35,42,35
446,51,1122.629792,42,38,42,29
446,52,1080.896342,40,28,46,28
446,53,1652.792081,43,39,44,33
446,54,1135.149827,40,34,42,34
446,55,1201.923346,41,40,45,36
446,56,1193.576656,41,40,45,34
446,57,1126.803137,43,28,45,28
446,58,1164.363241,44,34,45,34
446,59,1122.629792,41,40,43,34
446,60,1130.976482,43,27,45,27
446,61,1168.536586,41,38,42,38
446,62,1110.109757,42,34,43,33
446,63,1110.109757,41,32,44,32
446,64,1160.189896,41,42,47,31
446,65,496.6280491,38,41,41,38
447,1,2507.79113,83,58,83,58
447,2,2790.353783,61,84,84,61
447,3,2925.465651,69,84,84,63
447,4,2943.088938,70,90,90,65
447,5,3025.330944,78,77,78,68
447,6,3089.949663,76,83,93,66
447,7,3054.703089,78,86,86,64
447,8,2990.08437,69,87,87,65
447,9,3136.945095,71,86,86,70
447,10,3207.438244,77,86,91,67
447,11,3207.438244,77,100,100,68
447,12,3148.693953,80,82,82,69
447,13,3136.945095,76,86,86,70
447,14,3031.205373,76,75,80,68
447,15,3195.689386,73,98,98,71
447,16,3101.698521,75,79,79,71
447,17,3213.312673,74,87,87,67
447,18,3113.447379,82,84,84,70
447,19,3207.438244,76,84,97,70
447,20,3195.689386,64,92,97,64
447,21,3136.945095,73,87,87,70
447,22,3078.200805,71,83,83,70
447,23,3160.442811,80,91,91,69
447,24,3213.312673,75,92,92,69
447,25,3072.326376,71,90,90,69
447,26,3113.447379,69,89,89,69
447,27,3219.187102,76,87,92,71
447,28,3230.93596,73,86,91,72
447,29,3084.075234,71,77,85,66
447,30,3107.57295,76,78,92,67
447,31,3125.196237,79,90,90,66
447,32,3037.079802,77,74,78,69
447,33,3084.075234,76,75,81,70
447,34,3254.433676,73,90,90,69
447,35,3189.814957,79,85,85,69
447,36,3131.070666,70,91,91,69
447,37,3101.698521,78,79,81,65
447,38,3195.689386,81,77,87,72
447,39,3166.317241,74,90,90,66
447,40,3019.456515,68,79,82,68
447,41,3260.308105,83,88,88,74
447,42,3213.312673,73,89,89,65
447,43,3142.819524,70,83,89,69
447,44,3131.070666,83,90,90,63
447,45,3225.061531,77,89,89,71
447,46,2984.209941,76,85,85,65
447,47,3119.321808,74,83,83,70
447,48,3125.196237,76,83,85,70
447,49,3166.317241,81,91,91,67
447,50,3178.066099,74,78,87,69
447,51,3113.447379,75,82,84,69
447,52,3148.693953,76,88,88,68
447,53,3160.442811,82,84,84,70
447,54,3266.182534,72,90,101,69
447,55,3248.559247,78,90,92,71
447,56,3142.819524,75,84,88,68
447,57,3160.442811,73,89,89,70
447,58,3160.442811,70,90,90,65
447,59,3189.814957,81,74,86,74
447,60,3301.429108,73,93,93,72
447,61,3880.467696,69,86,95,66
447,62,3213.312673,75,96,96,66
447,63,3160.442811,83,86,86,65
447,64,3183.940528,81,85,85,68
447,65,1309.997671,75,73,75,73
448,1,2283.80317,127,81,127,81
448,2,2462.629829,89,64,98,64
448,3,2369.009191,82,75,95,75
448,4,2210.261153,82,62,86,62
448,5,3304.844238,78,67,99,64
448,6,2128.851902,81,47,89,47
448,7,2222.47254,74,56,87,56
448,8,2112.570052,72,51,83,51
448,9,2218.402078,83,57,87,57
448,10,2185.838377,81,64,86,62
448,11,2096.288202,80,56,84,56
448,12,2043.372189,72,51,82,51
448,13,2084.076814,85,56,86,56
448,14,2047.442652,75,57,85,53
448,15,2136.992827,75,48,86,48
448,16,2096.288202,74,74,86,50
448,17,2023.019876,75,56,82,56
448,18,2039.301726,78,56,82,56
448,19,2096.288202,75,66,83,56
448,20,1978.244789,71,59,86,42
448,21,1949.751551,79,43,82,43
448,22,4167.110194,75,51,82,51
448,23,2181.767915,78,66,86,61
448,24,2108.499589,81,57,81,57
448,25,2075.935889,75,56,80,56
448,26,2116.640515,75,59,84,59
448,27,1929.399238,72,53,78,52
448,28,2055.583577,76,56,87,53
448,29,2092.217739,74,71,82,62
448,30,2014.878951,74,54,81,54
448,31,3052.475561,83,53,83,53
448,32,2063.724502,72,64,87,58
448,33,2027.090339,76,55,85,55
448,34,2112.570052,74,65,82,61
448,35,2071.865427,78,63,81,60
448,36,2084.076814,73,64,84,51
448,37,1998.597101,79,54,79,54
448,38,2002.667564,70,64,81,50
448,39,2002.667564,73,53,80,53
448,40,2071.865427,75,61,86,56
448,41,2071.865427,77,60,81,55
448,42,2047.442652,78,50,85,50
448,43,2018.949414,77,60,81,49
448,44,2014.878951,77,53,82,53
448,45,2112.570052,81,53,83,53
448,46,2112.570052,86,68,86,52
448,47,2165.486065,86,68,86,61
448,48,1994.526639,78,58,78,58
448,49,2043.372189,74,54,80,54
448,50,2120.710977,79,54,85,54
448,51,1941.610626,77,55,78,54
448,52,2039.301726,73,56,86,56
448,53,3058.338892,74,57,79,57
448,54,2084.076814,82,64,85,54
448,55,2031.160801,77,61,83,53
448,56,2014.878951,72,54,87,54
448,57,2100.358664,76,51,83,51
448,58,2043.372189,75,59,81,59
448,59,2100.358664,71,65,84,65
448,60,2067.794964,75,68,80,61
448,61,2067.794964,74,59,87,59
448,62,2051.513114,75,59,80,59
448,63,1970.103864,75,57,79,49
448,64,2080.006352,82,57,87,46
448,65,956.5586941,79,75,81,75
449,1,3068.071769,131,97,131,82
449,2,3124.180439,81,117,117,78
449,3,3134.406889,82,106,106,79
449,4,3287.803637,89,106,111,80
449,5,3298.030087,92,116,116,81
449,6,3226.444938,81,110,110,81
449,7,3292.916862,88,103,103,84
449,8,3267.350737,81,117,117,81
449,9,3267.350737,81,113,113,81
449,10,3323.596211,88,104,104,86
449,11,3451.426835,90,109,117,89
449,12,3390.068136,90,109,109,87
449,13,3292.916862,88,100,107,84
449,14,3211.105263,93,94,103,79
449,15,3466.76651,84,118,120,83
449,16,3292.916862,90,101,110,84
449,17,3344.049111,93,104,106,81
449,18,3257.124287,87,110,110,79
449,19,3379.841686,95,118,118,75
449,20,3395.181361,92,104,110,86
449,21,3374.728461,83,120,120,80
449,22,3185.539138,86,106,106,75
449,23,3502.559084,89,117,119,82
449,24,3374.728461,87,115,115,84
449,25,3211.105263,91,97,100,81
449,26,3277.577187,89,115,115,84
449,27,4315.165689,94,105,105,81
449,28,3507.672309,90,121,124,83
449,29,3313.369762,89,107,107,81
449,30,3267.350737,93,104,104,83
449,31,4494.128562,92,118,118,87
449,32,3405.407811,87,123,123,83
449,33,3246.897837,86,119,119,79
449,34,3333.822661,87,103,103,84
449,35,3390.068136,88,109,109,88
449,36,3364.502011,97,103,112,82
449,37,3292.916862,89,102,110,78
449,38,3390.068136,96,116,116,79
449,39,3328.709436,94,105,105,83
449,40,3216.218488,89,110,110,78
449,41,3257.124287,89,109,109,79
449,42,3272.463962,86,101,105,84
449,43,3211.105263,90,103,104,74
449,44,4284.486339,88,113,113,82
449,45,3282.690412,87,112,112,81
449,46,3313.369762,85,104,104,85
449,47,3328.709436,88,109,109,85
449,48,3415.63426,94,113,113,84
449,49,4304.939239,92,118,118,77
449,50,3390.068136,93,117,117,83
449,51,3369.615236,92,113,114,82
449,52,3430.973935,87,127,127,81
449,53,4345.845039,93,108,108,84
449,54,3349.162336,88,122,122,81
449,55,3154.859788,79,94,95,79
449,56,3308.256537,86,116,116,83
449,57,4396.977288,88,108,108,82
449,58,3313.369762,96,108,108,86
449,59,3262.237512,87,101,101,85
449,60,3226.444938,84,113,113,76
449,61,4453.222762,84,113,117,84
449,62,3338.935886,98,117,117,82
449,63,3257.124287,83,101,101,83
449,64,3308.256537,84,103,103,84
449,65,1227.173986,82,73,85,73
892,1,17097.60626,144,144,281,113
892,2,12648.076,91,130,170,79
892,3,10598.92469,43,126,148,43
892,4,8313.034302,39,67,116,39
892,5,11236.59139,76,72,108,44
892,6,7700.811538,34,118,118,34
892,7,7056.570784,42,89,99,27
892,8,5875.78615,29,71,95,28
892,9,6478.360078,31,49,105,21
892,10,5828.244287,41,69,94,21
892,11,5444.998658,27,70,76,23
892,12,5794.285814,36,75,75,23
892,13,5953.405518,31,87,87,31
892,14,8559.94315,34,63,88,24
892,15,6534.580535,28,97,117,19
892,16,5783.61315,31,92,100,16
892,17,5466.343984,30,95,95,19
892,18,4772.620884,24,79,86,17
892,19,5426.564058,29,88,93,16
892,20,4597.977306,28,74,85,17
892,21,4896.811872,34,92,92,13
892,22,4988.984872,32,81,81,25
892,23,4974.43124,30,62,97,13
892,24,5334.391059,40,76,81,13
892,25,4951.14543,24,73,75,21
892,26,5485.748826,34,114,114,16
892,27,6177.999665,37,98,98,18
892,28,4395.196707,35,86,86,16
892,29,5508.064394,37,99,99,19
892,30,4888.079693,21,90,90,17
892,31,5195.023896,28,57,98,20
892,32,5504.183426,51,92,92,13
892,33,4604.769001,33,79,79,9
892,34,5482.8381,34,76,103,11
892,35,4827.924683,15,90,90,15
892,36,6134.964225,23,86,86,12
892,37,5375.141227,34,88,90,13
892,38,4910.395262,22,69,85,17
892,39,5867.053971,39,76,91,26
892,40,7209.621796,33,97,97,23
892,41,4574.691495,31,46,97,17
892,42,4783.293547,38,107,107,11
892,43,4883.228483,27,61,90,18
892,44,7106.604716,33,63,89,14
892,45,5499.332216,33,61,114,19
892,46,4873.526062,35,77,77,12
892,47,5367.37929,26,87,107,16
892,48,4803.668631,29,73,84,17
892,49,7054.877868,33,89,110,23
892,50,4812.40081,38,87,87,11
892,51,4664.924011,38,90,90,15
892,52,4615.441664,33,63,65,14
892,53,6960.764384,39,95,95,21
892,54,4826.954441,40,66,87,10
892,55,4731.870715,30,78,78,22
892,56,4348.625086,33,52,69,13
892,57,7110.807346,37,86,86,19
892,58,5244.158544,32,68,85,23
892,59,4928.829861,46,76,76,17
892,60,4913.305988,38,64,86,17
892,61,6002.396514,25,88,88,21
892,62,5241.247817,38,99,99,18
892,63,4776.501852,43,81,81,12
892,64,5178.182081,40,106,106,17
892,65,1458.273874,44,21,44,21
893,1,19182.5476,143,167,231,116
893,2,14851.603,74,139,179,74
893,3,12291.62147,55,126,140,55
893,4,10332.67908,50,99,117,44
893,5,14512.45687,59,83,125,44
893,6,8055.903236,37,88,88,37
893,7,7734.359662,26,103,103,24
893,8,7312.642898,31,94,94,21
893,9,9259.923398,30,86,95,16
893,10,7442.497034,33,80,113,22
893,11,6858.771776,30,66,94,24
893,12,8075.690533,29,75,146,29
893,13,6557.015499,34,97,97,17
893,14,7918.538454,38,69,107,23
893,15,7679.944596,27,98,111,22
893,16,6754.888467,24,63,96,24
893,17,8305.717859,21,129,129,21
893,18,5451.400286,26,47,103,8
893,19,8038.589352,35,87,138,20
893,20,5983.18389,23,87,87,13
893,21,6884.742603,46,93,96,19
893,22,8084.535156,30,71,71,23
893,23,6846.404715,38,69,85,25
893,24,7803.615201,36,106,106,19
893,25,6638.638098,25,92,92,20
893,26,7276.778422,39,74,104,25
893,27,6864.955306,52,68,128,15
893,28,6258.96934,25,81,98,13
893,29,7504.332336,42,91,97,17
893,30,6928.027315,32,95,95,22
893,31,7003.675829,31,59,98,18
893,32,6570.619265,40,78,90,18
893,33,6068.516607,36,80,87,19
893,34,6501.363726,30,79,92,22
893,35,5905.271408,22,74,89,12
893,36,6958.619672,26,74,101,15
893,37,7385.608555,30,114,114,11
893,38,6033.888838,24,81,81,20
893,39,6689.343047,23,72,92,23
893,40,9052.408128,30,71,125,30
893,41,6838.984479,34,96,96,16
893,42,6892.162839,26,89,89,17
893,43,6167.453092,28,79,95,14
893,44,8864.304187,28,86,131,18
893,45,5808.808336,27,68,86,18
893,46,6884.742603,48,95,96,19
893,47,5560.230419,20,83,83,9
893,48,7111.059811,35,87,100,24
893,49,7076.31054,29,97,97,14
893,50,6444.475248,31,77,121,14
893,51,4725.453833,30,75,75,10
893,52,6365.32606,43,83,83,24
893,53,6443.238542,36,92,102,22
893,54,6779.622589,25,101,101,16
893,55,5603.515131,23,85,85,12
893,56,5908.981526,33,65,66,19
893,57,8023.411741,48,95,95,22
893,58,6587.93315,38,84,90,20
893,59,6827.854125,32,65,104,23
893,60,5582.491128,40,58,64,18
893,61,9423.582641,33,112,112,17
893,62,5577.544304,31,89,89,14
893,63,7256.991125,28,101,101,19
893,64,5969.580123,39,81,81,18
893,65,1897.107087,43,28,43,28
894,1,12183.9942,126,149,162,68
894,2,11269.88686,73,123,185,56
894,3,9564.784266,46,122,124,46
894,4,7671.935723,33,101,105,33
894,5,9534.318968,47,66,94,25
894,6,6035.570722,33,77,77,33
894,7,5371.791314,33,61,84,26
894,8,5685.72717,29,71,87,25
894,9,4590.029476,19,47,70,19
894,10,4880.368846,40,43,82,30
894,11,4669.026407,30,48,68,17
894,12,4679.285749,21,75,75,14
894,13,4596.185081,25,77,77,14
894,14,7145.103469,29,71,91,19
894,15,4748.023338,16,57,106,13
894,16,5493.87748,28,73,122,16
894,17,4681.337617,13,88,88,13
894,18,3771.334009,23,35,83,9
894,19,5277.40537,32,66,100,12
894,20,4167.344598,22,78,78,12
894,21,4078.088325,26,72,72,16
894,22,6266.952407,28,71,71,13
894,23,4008.324802,24,52,59,12
894,24,5147.111731,33,75,85,17
894,25,4524.369689,28,75,81,13
894,26,4493.591664,33,74,74,12
894,27,4362.272091,31,76,76,11
894,28,4464.865508,31,84,84,6
894,29,4782.9051,30,61,90,17
894,30,4402.283523,19,82,82,15
894,31,5178.268575,27,69,69,13
894,32,4288.40483,29,76,76,13
894,33,4728.530589,32,62,82,15
894,34,4780.853232,30,83,83,10
894,35,4725.452787,8,67,87,8
894,36,4873.330208,16,47,79,16
894,37,4653.637395,26,59,79,14
894,38,4522.317821,16,82,82,15
894,39,4660.818934,42,65,83,12
894,40,5400.394976,25,84,84,10
894,41,4269.938015,17,50,89,11
894,42,4583.873871,30,87,87,14
894,43,3767.230272,28,47,68,3
894,44,5914.321437,36,61,90,18
894,45,4329.442197,34,56,82,11
894,46,5325.624276,40,86,86,21
894,47,3447.138811,14,42,83,8
894,48,4190.941084,43,61,67,15
894,49,4703.908169,17,87,87,14
894,50,4396.127918,28,79,92,5
894,51,3689.259275,25,70,70,9
894,52,4960.391712,39,65,91,17
894,53,4801.950441,33,72,72,11
894,54,4469.995178,20,72,74,11
894,55,4960.391712,23,95,95,18
894,56,3752.867194,24,48,54,15
894,57,6850.861498,25,76,97,19
894,58,4598.23695,19,64,87,12
894,59,4880.368846,24,86,86,14
894,60,4002.169197,11,68,68,11
894,61,6680.333087,39,76,86,15
894,62,4413.568799,21,68,69,14
894,63,4701.856301,12,58,108,9
894,64,3998.06546,22,71,71,13
894,65,1213.680123,41,13,41,13
895,1,3543.715582,158,125,158,114
895,2,2889.333835,81,103,136,78
895,3,2569.776176,62,113,121,62
895,4,2370.052639,58,82,103,58
895,5,2441.065452,63,95,109,63
895,6,2378.929241,64,102,102,64
895,7,2236.903615,54,105,105,54
895,8,2032.741777,55,83,88,55
895,9,2625.314563,59,75,102,53
895,10,2223.588712,57,91,114,53
895,11,1952.852362,55,82,84,44
895,12,2196.958907,60,94,107,54
895,13,2143.699297,58,90,113,51
895,14,2037.180078,48,82,116,48
895,15,2121.507793,52,100,106,51
895,16,2019.426874,53,82,104,50
895,17,2041.618378,51,100,100,51
895,18,1939.537459,59,77,90,49
895,19,2099.316289,51,93,96,51
895,20,1957.290663,61,90,92,48
895,21,2068.248183,67,91,91,50
895,22,2028.303476,53,73,98,53
895,23,2081.563086,64,83,97,53
895,24,2006.111972,65,85,93,47
895,25,2072.686484,58,93,96,50
895,26,2192.520606,66,88,101,54
895,27,2006.111972,52,81,109,45
895,28,1957.290663,58,86,92,46
895,29,1988.358768,56,93,93,43
895,30,2059.371582,57,88,90,43
895,31,1904.031053,56,88,91,40
895,32,2014.988573,65,89,89,45
895,33,2063.809882,68,78,99,49
895,34,1983.920468,52,92,98,46
895,35,2063.809882,57,92,92,55
895,36,1939.537459,50,93,93,44
895,37,1979.482167,62,80,89,50
895,38,2028.303476,49,88,98,49
895,39,2139.260996,60,92,96,54
895,40,2081.563086,57,94,107,48
895,41,2019.426874,55,86,95,47
895,42,2023.865175,62,98,103,48
895,43,2072.686484,51,97,105,50
895,44,2023.865175,59,97,97,50
895,45,1970.605565,55,80,101,49
895,46,2072.686484,57,95,97,50
895,47,1824.141638,51,74,81,48
895,48,1921.784256,63,67,87,49
895,49,1917.345955,54,94,94,46
895,50,1904.031053,53,98,98,47
895,51,1899.592752,52,79,87,49
895,52,2068.248183,59,84,99,53
895,53,2050.49498,60,90,96,46
895,54,2019.426874,59,93,93,50
895,55,1930.660858,60,88,88,47
895,56,1961.728964,65,74,99,50
895,57,2019.426874,60,83,83,54
895,58,2090.439687,59,94,94,53
895,59,2041.618378,58,84,104,51
895,60,2054.933281,64,86,89,52
895,61,2993.20737,65,81,102,45
895,62,2023.865175,55,97,97,53
895,63,1952.852362,51,75,92,51
895,64,2041.618378,59,87,91,45
895,65,727.8813349,68,47,68,47
896,1,1558.420522,58,24,58,24
896,2,1687.312445,44,21,51,21
896,3,1833.780539,53,39,53,36
896,4,1833.780539,51,30,52,30
896,5,1898.226501,52,40,52,39
896,6,1892.367777,52,34,54,34
896,7,1933.378843,52,31,53,31
896,8,1827.921815,50,28,52,28
896,9,1868.932882,56,25,56,25
896,10,1921.661396,51,37,55,36
896,11,1921.661396,54,37,56,33
896,12,1874.791605,52,26,53,26
896,13,1886.509053,50,36,53,36
896,14,1892.367777,44,30,54,30
896,15,1880.650329,54,32,54,32
896,16,1974.38991,56,41,56,29
896,17,1810.345644,52,24,52,24
896,18,1962.672462,53,36,55,36
896,19,1915.802672,52,36,54,31
896,20,1945.096291,56,32,56,32
896,21,1886.509053,49,37,53,31
896,22,1886.509053,49,32,52,32
896,23,1950.955014,53,35,54,35
896,24,1874.791605,49,33,54,33
896,25,1904.085224,54,31,54,31
896,26,1857.215434,47,38,51,37
896,27,1874.791605,48,37,54,28
896,28,1904.085224,49,39,53,30
896,29,1851.35671,52,28,55,28
896,30,1892.367777,51,36,54,33
896,31,1909.943948,53,29,57,29
896,32,1886.509053,49,36,53,34
896,33,1822.063092,51,31,52,27
896,34,1816.204368,49,28,54,28
896,35,1886.509053,51,34,53,33
896,36,1845.497987,53,32,53,30
896,37,1880.650329,48,31,54,31
896,38,1921.661396,54,34,54,34
896,39,1945.096291,46,33,57,33
896,40,1909.943948,52,32,57,32
896,41,1892.367777,46,37,55,32
896,42,1880.650329,52,29,53,29
896,43,1921.661396,50,35,55,35
896,44,1909.943948,49,42,52,30
896,45,1904.085224,54,34,55,32
896,46,1886.509053,47,27,54,27
896,47,1968.531186,53,42,57,35
896,48,1880.650329,52,33,56,30
896,49,1921.661396,47,36,53,36
896,50,1945.096291,53,40,53,38
896,51,1851.35671,46,27,54,27
896,52,1874.791605,48,35,54,35
896,53,1945.096291,49,36,56,34
896,54,1939.237567,55,30,57,30
896,55,1956.813738,51,35,54,35
896,56,1980.248633,52,39,53,39
896,57,1927.520119,48,34,54,34
896,58,1868.932882,53,30,53,30
896,59,1933.378843,51,39,53,35
896,60,1845.497987,50,38,52,30
896,61,1857.215434,49,31,54,31
896,62,1980.248633,52,43,57,33
896,63,1927.520119,48,36,54,36
896,64,1880.650329,47,35,55,30
896,65,861.2323938,48,46,53,46
897,1,2627.861389,67,98,98,67
897,2,2332.897169,36,115,115,36
897,3,2344.417649,51,86,99,36
897,4,2684.271804,46,114,114,41
897,5,2638.189885,50,116,116,43
897,6,2764.915163,45,116,116,45
897,7,2805.236842,51,123,123,44
897,8,2782.195883,52,117,117,50
897,9,3112.854384,54,107,107,48
897,10,2845.558522,63,117,117,43
897,11,2724.593483,54,118,118,42
897,12,2799.476602,53,113,113,52
897,13,2834.038042,50,118,119,48
897,14,2695.792284,50,116,116,50
897,15,2580.587485,50,96,102,47
897,16,2793.716362,53,119,119,48
897,17,2955.00308,54,119,119,52
897,18,2678.511564,47,112,112,47
897,19,2620.909165,46,101,111,46
897,20,2920.441641,57,100,118,55
897,21,2787.956123,52,98,123,50
897,22,2845.558522,56,102,123,50
897,23,2851.318762,56,109,115,50
897,24,2776.435643,53,112,112,45
897,25,2764.915163,48,105,110,48
897,26,2805.236842,52,109,115,48
897,27,2955.00308,54,108,123,54
897,28,2960.76332,54,110,119,54
897,29,2793.716362,57,114,114,51
897,30,2857.079002,53,112,116,46
897,31,2845.558522,61,108,108,46
897,32,2845.558522,47,115,117,47
897,33,2926.201881,57,127,127,50
897,34,2903.160921,55,120,120,47
897,35,2787.956123,47,109,119,47
897,36,2868.599481,56,109,117,49
897,37,2845.558522,46,121,121,46
897,38,2759.154923,54,111,111,43
897,39,2603.628445,45,97,102,45
897,40,2897.400681,61,107,116,47
897,41,2787.956123,53,119,119,46
897,42,2810.997082,48,108,114,48
897,43,2885.880201,55,113,113,52
897,44,2914.681401,55,106,113,51
897,45,2793.716362,50,109,112,46
897,46,2880.119961,49,105,120,49
897,47,2937.722361,56,115,121,51
897,48,2695.792284,54,110,113,46
897,49,2759.154923,52,105,107,50
897,50,2753.394683,52,109,109,49
897,51,2770.675403,52,105,112,48
897,52,3018.365719,59,120,125,54
897,53,2839.798282,56,119,119,48
897,54,2839.798282,54,102,114,50
897,55,2903.160921,51,104,119,51
897,56,2914.681401,53,122,122,43
897,57,2695.792284,50,110,114,41
897,58,2782.195883,45,117,117,45
897,59,2920.441641,56,114,121,48
897,60,2908.921161,52,126,126,51
897,61,2822.517562,54,100,115,53
897,62,2908.921161,49,117,123,49
897,63,2880.119961,58,105,117,48
897,64,2851.318762,52,114,116,51
897,65,956.1998272,47,60,60,47
898,1,809.5348354,51,11,51,11
898,2,767.3715627,33,7,35,7
898,3,855.9144353,33,12,37,12
898,4,822.1838172,33,13,38,12
898,5,809.5348354,37,6,38,6
898,6,826.4001445,35,7,39,7
898,7,872.7797444,35,17,37,15
898,8,839.0491263,35,12,37,12
898,9,839.0491263,35,10,37,10
898,10,817.9674899,38,7,38,7
898,11,809.5348354,36,7,36,7
898,12,817.9674899,37,6,37,6
898,13,843.2654535,36,11,37,11
898,14,813.7511626,35,7,37,7
898,15,847.4817808,37,11,38,11
898,16,834.832799,35,9,38,9
898,17,860.1307626,37,14,37,12
898,18,822.1838172,34,9,37,9
898,19,839.0491263,37,10,38,10
898,20,855.9144353,39,7,39,7
898,21,868.5634171,37,11,41,11
898,22,847.4817808,37,15,37,8
898,23,826.4001445,36,8,37,8
898,24,847.4817808,37,9,37,9
898,25,809.5348354,35,8,37,7
898,26,834.832799,36,8,37,8
898,27,830.6164717,38,7,38,7
898,28,855.9144353,34,12,37,12
898,29,822.1838172,35,9,36,9
898,30,813.7511626,35,9,37,9
898,31,813.7511626,35,7,35,7
898,32,839.0491263,36,12,37,9
898,33,822.1838172,35,10,38,8
898,34,843.2654535,35,10,37,10
898,35,805.3185081,36,6,36,6
898,36,839.0491263,38,12,38,12
898,37,864.3470899,36,12,38,12
898,38,872.7797444,37,14,38,14
898,39,830.6164717,35,10,38,10
898,40,855.9144353,36,12,37,12
898,41,805.3185081,37,9,37,6
898,42,847.4817808,36,11,38,11
898,43,839.0491263,35,11,37,11
898,44,847.4817808,36,13,37,11
898,45,876.9960717,36,10,39,10
898,46,847.4817808,36,12,36,12
898,47,830.6164717,36,7,37,7
898,48,788.453199,35,8,35,8
898,49,885.4287262,39,12,39,12
898,50,847.4817808,35,8,38,8
898,51,839.0491263,35,10,37,10
898,52,826.4001445,36,9,36,9
898,53,839.0491263,35,11,38,11
898,54,847.4817808,36,11,38,10
898,55,881.2123989,37,15,39,12
898,56,851.6981081,35,14,39,12
898,57,817.9674899,34,10,36,10
898,58,817.9674899,36,11,37,9
898,59,843.2654535,36,13,38,8
898,60,843.2654535,36,10,38,9
898,61,860.1307626,35,15,39,13
898,62,822.1838172,35,8,38,8
898,63,847.4817808,36,9,39,9
898,64,822.1838172,39,7,39,7
898,65,451.1470176,35,35,37,35
899,1,3258.99764,137,70,137,53
899,2,2999.181537,78,74,85,64
899,3,2931.403423,72,62,88,61
899,4,2846.680781,79,57,80,57
899,5,2756.309962,63,56,82,56
899,6,2626.401911,66,47,78,47
899,7,2502.142036,65,46,74,46
899,8,2468.252979,68,51,72,51
899,9,2603.809206,70,55,70,55
899,10,2479.549331,65,43,75,43
899,11,2389.178512,64,45,70,45
899,12,2615.105559,68,63,71,60
899,13,2440.012098,62,54,70,54
899,14,2485.197507,72,44,72,44
899,15,2507.790212,71,50,71,50
899,16,2564.271973,66,55,72,54
899,17,2626.401911,72,58,74,50
899,18,2502.142036,64,50,76,50
899,19,2558.623797,67,47,77,47
899,20,2592.512854,71,59,71,55
899,21,2513.438388,72,47,72,47
899,22,2496.493859,66,56,67,55
899,23,2451.30845,68,48,72,48
899,24,2581.216502,63,60,72,58
899,25,2558.623797,70,51,74,51
899,26,2507.790212,63,50,75,50
899,27,2473.901155,69,51,71,49
899,28,2338.344927,69,34,69,34
899,29,2462.604802,65,59,70,50
899,30,2479.549331,64,48,71,48
899,31,2417.419393,68,53,68,49
899,32,2462.604802,64,51,69,51
899,33,2490.845683,69,60,69,52
899,34,2377.88216,73,41,73,41
899,35,2434.363922,69,48,70,48
899,36,2547.327445,71,52,72,52
899,37,2479.549331,64,58,70,48
899,38,2519.086564,71,46,72,46
899,39,2541.679269,64,49,70,49
899,40,2445.660274,69,55,69,46
899,41,2485.197507,65,55,71,50
899,42,2502.142036,68,59,70,49
899,43,2547.327445,71,46,72,46
899,44,2417.419393,66,42,77,42
899,45,2479.549331,70,42,70,42
899,46,2321.400399,63,44,69,41
899,47,2417.419393,69,54,69,48
899,48,2479.549331,65,53,72,52
899,49,2451.30845,69,49,72,49
899,50,2440.012098,65,57,73,50
899,51,2490.845683,71,50,71,50
899,52,2496.493859,67,48,76,48
899,53,2502.142036,66,48,74,48
899,54,2558.623797,67,50,79,48
899,55,2575.568326,67,65,72,60
899,56,2479.549331,65,60,71,45
899,57,2586.864678,72,59,73,59
899,58,2502.142036,74,50,74,50
899,59,2468.252979,72,52,72,51
899,60,2558.623797,73,46,76,46
899,61,2485.197507,67,57,69,47
899,62,2552.975621,73,51,73,51
899,63,2541.679269,66,44,74,44
899,64,2372.233984,67,44,67,44
899,65,1152.227935,67,69,69,67
1342,1,29571.52973,265,287,399,199
1342,2,25705.40808,141,248,312,141
1342,3,22120.90882,133,211,317,108
1342,4,16830.17848,75,175,230,75
1342,5,17471.23008,82,169,210,82
1342,6,14388.66551,87,147,203,81
1342,7,15194.64759,70,142,226,70
1342,8,12812.05143,62,136,207,62
1342,9,17862.01812,81,140,189,69
1342,10,13243.32255,66,151,197,64
1342,11,12024.92273,61,148,191,47
1342,12,12100.33626,53,154,188,50
1342,13,10666.30089,74,164,164,38
1342,14,13046.61584,79,155,157,40
1342,15,12598.77255,66,135,226,50
1342,16,12379.60198,49,186,186,35
1342,17,12313.61515,55,204,204,49
1342,18,12501.576,79,169,169,47
1342,19,11784.54211,62,165,172,40
1342,20,11621.93169,55,215,215,39
1342,21,10299.83828,62,136,136,40
1342,22,12335.18376,48,159,159,48
1342,23,11949.5092,55,175,175,48
1342,24,11313.20756,64,144,191,46
1342,25,11324.99092,61,140,179,47
1342,26,12046.13279,63,153,180,44
1342,27,11368.88017,47,147,165,31
1342,28,11623.11003,71,141,157,53
1342,29,13041.82703,61,194,194,55
1342,30,11643.14175,73,151,170,36
1342,31,14386.0105,74,139,181,54
1342,32,11401.58279,66,142,169,45
1342,33,11653.74677,61,148,166,43
1342,34,11169.45052,78,177,177,41
1342,35,10962.06332,57,158,158,40
1342,36,10866.61807,56,135,179,45
1342,37,12344.25189,66,176,184,47
1342,38,10731.10939,49,149,152,43
1342,39,11402.76113,70,159,174,43
1342,40,14171.30914,56,196,196,34
1342,41,10432.99029,54,126,151,44
1342,42,11324.99092,78,138,138,54
1342,43,11631.35838,58,164,164,58
1342,44,14021.48143,61,123,165,41
1342,45,11710.30692,73,150,168,50
1342,46,12371.35363,77,189,189,41
1342,47,11260.18242,71,194,194,35
1342,48,12321.8635,82,175,175,50
1342,49,12704.49864,61,128,155,41
1342,50,12155.71807,71,179,179,50
1342,51,9711.848424,64,139,139,37
1342,52,11131.74376,70,164,164,42
1342,53,12481.8509,62,169,169,43
1342,54,11066.93526,70,190,190,53
1342,55,11868.20399,71,171,171,43
1342,56,10814.77127,48,134,172,48
1342,57,16327.42455,68,128,173,45
1342,58,11426.32785,70,167,167,44
1342,59,11838.74559,69,156,187,37
1342,60,10747.6061,64,184,184,39
1342,61,12286.81927,69,126,136,49
1342,62,11640.78507,89,160,160,44
1342,63,11561.83654,68,179,179,57
1342,64,9949.872372,58,129,129,49
1342,65,3249.851729,69,36,77,36
1343,1,19578.20288,201,210,328,146
1343,2,16280.37818,121,182,253,119
1343,3,12727.32291,66,177,192,66
1343,4,10989.82538,61,141,173,61
1343,5,11550.13948,65,132,167,40
1343,6,8460.323669,57,132,132,51
1343,7,8948.857806,31,133,174,31
1343,8,7437.647181,35,104,150,27
1343,9,9155.83752,49,124,129,34
1343,10,7712.173545,35,142,148,30
1343,11,6942.096396,33,105,135,29
1343,12,7056.994012,34,108,136,22
1343,13,6264.989837,47,94,121,28
1343,14,6859.650779,51,105,115,31
1343,15,7319.241241,49,121,155,27
1343,16,6760.540622,46,120,124,28
1343,17,6770.188513,46,155,155,23
1343,18,9768.402586,43,116,116,16
1343,19,6771.942675,27,129,136,27
1343,20,6129.919357,25,135,135,20
1343,21,6076.417414,36,143,143,16
1343,22,6986.875349,34,84,118,22
1343,23,5662.435165,27,92,95,23
1343,24,7009.631636,41,115,115,35
1343,25,7229.778976,52,126,128,32
1343,26,6489.522582,24,123,133,24
1343,27,6780.947805,42,120,120,15
1343,28,5701.026731,39,137,137,24
1343,29,6444.791449,52,93,139,21
1343,30,6561.443227,48,110,124,23
1343,31,6418.167022,38,104,104,21
1343,32,6314.106375,46,88,118,31
1343,33,6296.564754,43,96,113,29
1343,34,6750.89273,43,119,122,27
1343,35,6531.622472,38,111,121,25
1343,36,6274.079912,30,105,109,18
1343,37,6244.816973,48,110,115,26
1343,38,6367.608318,37,96,121,32
1343,39,6180.790057,42,108,108,23
1343,40,8441.381125,34,118,118,28
1343,41,7142.070872,42,90,147,33
1343,42,5987.83223,29,109,109,18
1343,43,6279.023133,50,85,104,28
1343,44,10394.39155,40,112,149,21
1343,45,6075.540333,36,113,116,25
1343,46,7677.090304,37,162,162,28
1343,47,5601.039493,28,98,109,22
1343,48,6630.732629,48,94,134,22
1343,49,7234.218101,35,109,109,25
1343,50,6326.385509,53,118,124,17
1343,51,5323.004805,43,114,114,18
1343,52,5016.903523,34,85,92,20
1343,53,7630.924274,49,139,139,24
1343,54,5443.164906,27,110,110,12
1343,55,6301.82724,63,93,117,12
1343,56,5929.944881,47,106,106,19
1343,57,8143.62045,50,129,129,28
1343,58,5806.276455,33,96,101,24
1343,59,6236.046163,56,134,134,17
1343,60,6376.379128,60,143,143,21
1343,61,9162.977114,48,120,120,24
1343,62,6438.651882,54,101,104,26
1343,63,6899.119425,45,112,142,26
1343,64,5658.04976,37,135,135,17
1343,65,1783.105745,47,21,47,21
1344,1,29332.06934,375,357,477,243
1344,2,24370.0501,161,357,395,161
1344,3,21436.40919,116,279,385,116
1344,4,15825.17001,111,198,231,111
1344,5,21731.84657,102,192,283,86
1344,6,13361.95318,78,162,208,78
1344,7,13133.68467,67,164,260,67
1344,8,11907.2839,80,154,216,72
1344,9,16699.2182,77,186,200,56
1344,10,11774.48891,68,180,216,62
1344,11,11350.06571,63,172,242,40
1344,12,10804.13076,60,184,221,41
1344,13,10052.49378,73,157,203,46
1344,14,12948.07592,71,175,195,50
1344,15,10670.46784,65,172,220,52
1344,16,11397.80247,72,168,234,56
1344,17,10973.37928,61,208,208,61
1344,18,12280.80966,69,183,209,53
1344,19,11199.04396,54,208,210,54
1344,20,9676.675281,68,186,186,49
1344,21,10833.64076,92,194,194,45
1344,22,12782.98131,78,175,185,50
1344,23,9858.942911,37,167,168,37
1344,24,11221.61043,70,189,190,62
1344,25,10083.73965,54,185,197,43
1344,26,10648.76931,66,160,217,51
1344,27,10918.01586,63,209,209,40
1344,28,10880.50958,70,195,203,56
1344,29,10243.44082,80,159,187,41
1344,30,10660.05254,89,187,187,55
1344,31,12942.0366,63,156,164,49
1344,32,10618.39137,100,139,207,47
1344,33,10765.07342,72,196,217,47
1344,34,10902.20811,68,197,231,50
1344,35,9840.716148,72,172,195,41
1344,36,15258.9122,75,180,215,49
1344,37,9783.432036,54,210,210,46
1344,38,9261.799437,52,154,183,26
1344,39,10520.31403,71,168,196,50
1344,40,14214.99564,72,220,220,47
1344,41,9221.006205,38,180,180,38
1344,42,9720.072336,77,194,194,45
1344,43,10111.51377,83,158,205,53
1344,44,16747.48151,72,192,192,51
1344,45,8858.206827,76,163,163,47
1344,46,11843.05626,58,227,227,49
1344,47,9872.829969,54,185,185,45
1344,48,10512.50256,72,238,238,55
1344,49,14520.01576,67,206,209,41
1344,50,9671.467634,72,187,187,36
1344,51,9882.377321,70,182,189,46
1344,52,9810.33821,67,177,177,40
1344,53,11557.1856,89,188,189,53
1344,54,9161.11827,50,176,176,46
1344,55,11527.1257,101,224,224,46
1344,56,10067.24877,64,176,176,42
1344,57,13547.70011,87,186,190,46
1344,58,10519.44609,72,193,193,50
1344,59,10402.27404,76,200,200,46
1344,60,10199.17582,75,196,196,51
1344,61,13668.46825,82,143,192,52
1344,62,10705.18548,87,193,193,36
1344,63,9946.604962,52,180,180,52
1344,64,9000.549167,54,184,184,45
1344,65,2515.293297,77,41,77,41
1345,1,2244.885707,84,76,95,63
1345,2,1582.691388,36,87,87,29
1345,3,1761.155105,36,105,105,34
1345,4,1775.244346,41,90,95,31
1345,5,1873.869032,40,107,107,34
1345,6,1958.404477,38,110,110,36
1345,7,1906.743927,46,97,97,37
1345,8,1902.047513,45,90,90,44
1345,9,2584.696954,44,108,108,37
1345,10,1920.833168,40,102,102,40
1345,11,1906.743927,46,92,92,40
1345,12,1878.565445,45,99,99,36
1345,13,1944.315236,39,98,98,39
1345,14,1845.69055,42,103,103,34
1345,15,1958.404477,47,106,106,41
1345,16,1906.743927,45,94,94,41
1345,17,1953.708063,41,105,105,40
1345,18,1840.994136,42,101,101,38
1345,19,1892.654686,42,92,101,38
1345,20,2014.76144,49,99,110,34
1345,21,1981.886545,48,98,98,41
1345,22,1953.708063,41,92,92,41
1345,23,1887.958272,39,101,101,39
1345,24,1878.565445,45,87,91,41
1345,25,1892.654686,46,101,101,39
1345,26,1916.136754,40,99,99,40
1345,27,2000.672199,39,94,94,39
1345,28,1949.011649,41,88,95,41
1345,29,1878.565445,41,100,100,35
1345,30,1967.797304,41,105,108,38
1345,31,1991.279372,43,110,110,43
1345,32,1840.994136,41,88,92,33
1345,33,1878.565445,39,91,93,37
1345,34,1967.797304,42,98,98,41
1345,35,1892.654686,42,103,103,39
1345,36,1944.315236,34,111,111,34
1345,37,1897.3511,42,91,92,39
1345,38,1892.654686,44,100,100,37
1345,39,1939.618822,47,102,102,40
1345,40,1916.136754,41,82,100,41
1345,41,1995.975785,41,107,107,37
1345,42,1953.708063,34,107,107,34
1345,43,1897.3511,40,111,111,34
1345,44,1887.958272,37,82,100,37
1345,45,2033.547094,42,102,104,42
1345,46,2010.065026,47,101,101,41
1345,47,1944.315236,46,104,104,38
1345,48,1995.975785,38,105,105,38
1345,49,1934.922408,42,101,101,37
1345,50,1949.011649,40,101,101,40
1345,51,1977.190131,39,100,104,39
1345,52,1887.958272,44,101,101,36
1345,53,1812.815655,33,94,94,33
1345,54,2014.76144,45,99,101,41
1345,55,1840.994136,45,86,88,39
1345,56,1864.476204,41,94,94,39
1345,57,1906.743927,38,88,95,38
1345,58,1995.975785,42,93,101,42
1345,59,1897.3511,43,100,100,39
1345,60,1883.261859,40,88,97,40
1345,61,2033.547094,43,111,111,41
1345,62,1981.886545,39,105,105,39
1345,63,1949.011649,44,88,100,41
1345,64,1873.869032,37,95,95,37
1345,65,624.6230105,45,38,50,38
1346,1,450.3233884,19,5,19,5
1346,2,485.4135225,12,9,15,7
1346,3,514.655301,12,12,15,7
1346,4,508.8069453,12,15,15,7
1346,5,532.2003681,14,6,18,6
1346,6,584.8355693,16,15,19,7
1346,7,555.5937909,14,13,19,5
1346,8,637.4707706,17,15,18,14
1346,9,543.8970795,13,13,15,11
1346,10,602.3806364,16,12,16,12
1346,11,578.9872136,13,14,17,8
1346,12,608.2289921,18,10,18,10
1346,13,590.683925,16,14,16,13
1346,14,631.6224149,15,17,18,10
1346,15,567.2905023,16,11,17,8
1346,16,567.2905023,17,9,21,8
1346,17,567.2905023,16,15,16,10
1346,18,631.6224149,15,18,19,11
1346,19,573.1388579,15,14,18,10
1346,20,608.2289921,14,12,18,12
1346,21,543.8970795,15,14,16,5
1346,22,584.8355693,14,14,16,11
1346,23,578.9872136,14,12,17,12
1346,24,561.4421466,17,9,17,9
1346,25,578.9872136,12,11,19,11
1346,26,608.2289921,17,11,18,11
1346,27,555.5937909,15,9,16,9
1346,28,602.3806364,17,8,20,8
1346,29,555.5937909,14,8,18,8
1346,30,561.4421466,14,11,19,6
1346,31,573.1388579,17,12,18,9
1346,32,578.9872136,14,11,17,11
1346,33,555.5937909,14,13,16,8
1346,34,596.5322807,14,11,17,11
1346,35,602.3806364,15,12,17,12
1346,36,578.9872136,16,13,16,10
1346,37,578.9872136,14,11,18,11
1346,38,602.3806364,14,15,19,9
1346,39,590.683925,16,12,19,12
1346,40,573.1388579,14,12,19,11
1346,41,538.0487238,14,10,18,8
1346,42,543.8970795,12,10,16,10
1346,43,596.5322807,16,13,21,12
1346,44,561.4421466,14,12,16,9
1346,45,573.1388579,15,13,18,11
1346,46,596.5322807,14,12,17,11
1346,47,578.9872136,13,12,17,10
1346,48,590.683925,15,14,17,7
1346,49,526.3520124,15,10,17,7
1346,50,614.0773478,15,11,18,11
1346,51,584.8355693,16,8,17,8
1346,52,619.9257035,15,14,17,14
1346,53,608.2289921,14,12,19,12
1346,54,573.1388579,16,8,17,8
1346,55,502.9585896,15,9,17,7
1346,56,573.1388579,15,7,18,7
1346,57,573.1388579,15,10,16,10
1346,58,596.5322807,16,9,18,9
1346,59,567.2905023,16,13,18,7
1346,60,561.4421466,14,4,21,4
1346,61,573.1388579,16,11,16,10
1346,62,602.3806364,15,9,19,9
1346,63,578.9872136,15,13,19,9
1346,64,584.8355693,15,13,18,10
1346,65,269.0243619,14,15,17,14
1347,1,671.0482837,44,9,44,4
1347,2,622.485579,27,9,27,6
1347,3,635.729953,26,10,28,4
1347,4,679.8778664,26,11,28,10
1347,5,644.5595357,27,8,27,7
1347,6,648.974327,26,8,28,6
1347,7,688.7074491,28,13,29,5
1347,8,640.1447443,28,8,28,6
1347,9,657.8039097,26,11,29,6
1347,10,648.974327,27,10,28,5
1347,11,644.5595357,26,11,27,8
1347,12,657.8039097,26,9,28,9
1347,13,662.218701,27,9,28,9
1347,14,640.1447443,27,8,30,2
1347,15,644.5595357,25,11,28,5
1347,16,631.3151617,26,8,27,6
1347,17,631.3151617,26,8,27,6
1347,18,679.8778664,28,10,28,5
1347,19,653.3891184,27,10,27,5
1347,20,631.3151617,26,11,26,5
1347,21,648.974327,26,10,28,8
1347,22,648.974327,26,6,28,6
1347,23,648.974327,26,8,28,6
1347,24,657.8039097,27,9,29,6
1347,25,640.1447443,26,8,28,5
1347,26,631.3151617,25,9,26,6
1347,27,662.218701,27,11,28,6
1347,28,640.1447443,27,9,28,7
1347,29,684.2926577,25,11,29,10
1347,30,640.1447443,26,9,28,9
1347,31,640.1447443,26,10,28,4
1347,32,657.8039097,28,10,28,6
1347,33,644.5595357,26,9,29,5
1347,34,666.6334924,28,8,28,7
1347,35,657.8039097,27,9,27,5
1347,36,648.974327,27,10,27,5
1347,37,622.485579,26,7,26,5
1347,38,640.1447443,27,8,27,6
1347,39,653.3891184,26,10,28,8
1347,40,635.729953,26,8,28,5
1347,41,609.241205,25,8,27,4
1347,42,662.218701,27,9,29,6
1347,43,648.974327,25,7,29,6
1347,44,640.1447443,27,9,28,4
1347,45,626.9003703,26,8,26,8
1347,46,640.1447443,27,9,27,6
1347,47,648.974327,27,8,27,6
1347,48,657.8039097,26,10,28,8
1347,49,644.5595357,27,9,28,6
1347,50,653.3891184,27,9,27,6
1347,51,648.974327,28,8,28,5
1347,52,640.1447443,28,7,28,5
1347,53,635.729953,28,10,28,3
1347,54,635.729953,25,7,27,7
1347,55,631.3151617,26,10,28,3
1347,56,618.0707876,25,6,28,4
1347,57,662.218701,27,8,27,8
1347,58,631.3151617,27,10,27,7
1347,59,662.218701,29,10,29,6
1347,60,701.9518231,29,13,29,8
1347,61,644.5595357,28,10,28,6
1347,62,657.8039097,28,10,28,6
1347,63,640.1447443,26,7,27,7
1347,64,626.9003703,26,7,27,4
1347,65,339.9389332,25,24,28,24
1348,1,673.1184686,28,32,32,19
1348,2,567.2822314,13,30,30,11
1348,3,546.114984,14,27,27,13
1348,4,563.0487819,13,26,31,13
1348,5,673.1184686,16,38,38,14
1348,6,635.0174232,13,30,37,13
1348,7,601.1498273,15,30,37,13
1348,8,656.1846706,16,34,37,12
1348,9,609.6167263,18,28,28,15
1348,10,647.7177717,17,36,36,11
1348,11,651.9512212,17,31,41,13
1348,12,635.0174232,18,31,31,14
1348,13,630.7839737,14,36,40,10
1348,14,635.0174232,16,34,40,11
1348,15,656.1846706,16,33,36,12
1348,16,596.9163778,14,28,34,13
1348,17,656.1846706,16,28,32,15
1348,18,605.3832768,14,31,35,13
1348,19,596.9163778,14,27,35,13
1348,20,651.9512212,17,38,38,12
1348,21,630.7839737,19,29,36,13
1348,22,630.7839737,20,33,36,12
1348,23,664.6515696,19,39,39,15
1348,24,613.8501758,16,35,35,11
1348,25,622.3170747,18,33,33,13
1348,26,664.6515696,21,33,33,14
1348,27,613.8501758,18,32,32,14
1348,28,630.7839737,12,36,36,12
1348,29,609.6167263,16,30,30,15
1348,30,643.4843222,17,37,37,15
1348,31,601.1498273,13,39,39,12
1348,32,613.8501758,17,33,33,12
1348,33,651.9512212,12,38,38,12
1348,34,639.2508727,14,36,37,13
1348,35,613.8501758,13,27,36,13
1348,36,571.5156809,13,31,34,11
1348,37,626.5505242,16,32,32,14
1348,38,711.219514,18,36,43,12
1348,39,643.4843222,18,30,37,14
1348,40,651.9512212,15,34,38,12
1348,41,626.5505242,14,30,34,14
1348,42,605.3832768,16,32,33,14
1348,43,694.285716,15,43,43,13
1348,44,668.8850191,19,41,41,13
1348,45,630.7839737,16,30,30,13
1348,46,643.4843222,16,34,36,13
1348,47,618.0836253,15,28,42,13
1348,48,622.3170747,14,30,32,11
1348,49,647.7177717,17,32,34,15
1348,50,618.0836253,16,32,32,13
1348,51,643.4843222,17,38,38,12
1348,52,639.2508727,11,35,36,11
1348,53,673.1184686,14,43,43,14
1348,54,601.1498273,17,29,31,10
1348,55,563.0487819,13,28,30,11
1348,56,664.6515696,17,36,36,13
1348,57,639.2508727,15,39,39,11
1348,58,668.8850191,17,33,40,12
1348,59,596.9163778,15,34,34,13
1348,60,660.4181201,21,35,35,10
1348,61,681.5853676,16,32,40,16
1348,62,635.0174232,16,26,38,16
1348,63,681.5853676,19,39,39,16
1348,64,605.3832768,19,31,33,13
1348,65,270.9407672,18,24,24,18
1349,1,429.5615976,23,11,23,5
1349,2,396.1512511,13,8,13,8
1349,3,372.2867179,14,6,15,5
1349,4,377.0596245,13,6,15,4
1349,5,367.5138113,15,4,15,4
1349,6,367.5138113,15,3,15,3
1349,7,386.6054378,13,6,16,5
1349,8,357.967998,14,4,15,3
1349,9,372.2867179,13,6,14,4
1349,10,367.5138113,15,4,16,3
1349,11,377.0596245,14,3,14,3
1349,12,357.967998,11,5,15,5
1349,13,377.0596245,15,3,15,3
1349,14,362.7409046,14,5,14,5
1349,15,377.0596245,14,6,14,6
1349,16,367.5138113,15,6,15,6
1349,17,357.967998,13,2,14,2
1349,18,400.9241577,12,7,16,7
1349,19,405.6970644,16,7,16,7
1349,20,377.0596245,13,5,14,5
1349,21,357.967998,13,5,14,3
1349,22,410.469971,16,5,16,5
1349,23,377.0596245,14,6,15,3
1349,24,357.967998,13,6,14,3
1349,25,377.0596245,13,6,15,6
1349,26,362.7409046,13,5,14,5
1349,27,377.0596245,16,6,16,4
1349,28,391.3783445,13,5,15,5
1349,29,367.5138113,14,6,14,4
1349,30,367.5138113,14,3,15,3
1349,31,377.0596245,15,3,16,3
1349,32,362.7409046,15,3,15,3
1349,33,391.3783445,14,5,15,5
1349,34,372.2867179,15,6,15,4
1349,35,348.4221847,14,4,14,2
1349,36,381.8325312,13,8,15,1
1349,37,391.3783445,14,11,14,6
1349,38,362.7409046,12,7,14,4
1349,39,381.8325312,13,6,14,6
1349,40,377.0596245,15,7,15,5
1349,41,386.6054378,14,9,14,7
1349,42,367.5138113,13,6,14,5
1349,43,391.3783445,13,6,16,6
1349,44,391.3783445,12,8,15,6
1349,45,357.967998,12,5,15,2
1349,46,405.6970644,15,5,15,5
1349,47,372.2867179,14,8,14,6
1349,48,357.967998,14,6,14,2
1349,49,377.0596245,16,5,16,4
1349,50,362.7409046,15,4,15,3
1349,51,391.3783445,14,11,15,1
1349,52,381.8325312,14,7,14,4
1349,53,348.4221847,14,5,14,2
1349,54,362.7409046,15,6,15,6
1349,55,348.4221847,16,6,16,6
1349,56,362.7409046,15,7,15,6
1349,57,343.6492781,14,3,14,3
1349,58,367.5138113,13,5,16,2
1349,59,386.6054378,14,7,14,5
1349,60,357.967998,14,4,14,3
1349,61,1502.374407,15,9,15,9
1349,62,367.5138113,14,4,14,4
1349,63,391.3783445,13,8,17,4
1349,64,386.6054378,16,7,16,3
1349,65,214.7807988,16,15,16,14
1798,1,16555.07152,141,208,234,121
1798,2,15124.41008,110,180,198,100
1798,3,12137.05046,106,111,149,84
1798,4,10777.58535,58,131,134,58
1798,5,13107.5185,52,119,146,52
1798,6,9040.009997,62,82,120,58
1798,7,8080.783734,45,100,123,45
1798,8,7692.090243,42,91,107,42
1798,9,10934.83068,75,130,130,52
1798,10,7538.152227,37,99,112,35
1798,11,7014.762972,39,99,124,27
1798,12,7054.209589,33,93,102,31
1798,13,7503.516174,39,89,141,37
1798,14,8868.732244,44,100,103,32
1798,15,6941.642415,66,81,103,28
1798,16,7281.268163,33,121,121,33
1798,17,7222.579294,42,138,138,20
1798,18,7367.258883,41,105,105,27
1798,19,7847.952485,51,108,145,29
1798,20,7362.085621,46,127,127,27
1798,21,4869.251873,30,70,91,23
1798,22,8975.33245,51,118,118,32
1798,23,6495.222168,25,117,117,25
1798,24,6524.085546,48,76,114,29
1798,25,7642.060388,54,95,136,31
1798,26,6373.99598,34,69,106,23
1798,27,6790.590737,58,99,99,25
1798,28,7681.507005,37,101,119,37
1798,29,6424.987948,46,89,90,27
1798,30,8246.267102,60,124,124,29
1798,31,9770.119261,49,99,124,26
1798,32,7623.780249,58,117,117,32
1798,33,7023.421986,32,100,130,31
1798,34,6386.503444,43,109,109,20
1798,35,6200.815712,44,99,106,14
1798,36,9355.385364,52,87,94,27
1798,37,7098.466769,48,128,128,26
1798,38,6196.967262,42,104,119,21
1798,39,6187.346136,26,84,104,26
1798,40,8169.189084,58,124,124,18
1798,41,6232.565428,32,109,109,28
1798,42,6398.048795,41,97,97,32
1798,43,6815.605664,56,85,124,21
1798,44,7843.024994,49,108,108,31
1798,45,6258.542468,55,91,91,23
1798,46,7421.736603,43,115,115,32
1798,47,6056.498822,30,103,103,28
1798,48,6915.665375,62,92,111,28
1798,49,7376.755931,58,112,112,20
1798,50,6147.899519,40,112,112,25
1798,51,6463.472452,57,82,82,26
1798,52,7234.124645,50,120,120,33
1798,53,7146.863594,52,102,102,26
1798,54,6239.300216,44,110,110,26
1798,55,6616.448356,60,90,90,26
1798,56,6242.186554,44,76,93,28
1798,57,7825.84666,52,79,89,23
1798,58,6637.614833,26,107,114,26
1798,59,5920.840945,52,98,98,15
1798,60,6149.823744,54,103,103,27
1798,61,7360.992363,50,82,82,21
1798,62,6968.581568,64,103,103,24
1798,63,6877.180871,54,124,124,33
1798,64,6360.526404,36,102,102,23
1798,65,1922.300976,31,35,45,31
1799,1,12840.96876,144,228,284,132
1799,2,10562.40028,93,165,223,90
1799,3,8817.910278,81,146,170,74
1799,4,6915.567645,36,127,140,36
1799,5,8442.872559,59,98,156,59
1799,6,6108.210686,53,103,140,47
1799,7,6230.499684,57,129,152,34
1799,8,5133.642239,28,104,113,28
1799,9,8312.423548,52,113,134,38
1799,10,5063.762812,27,119,121,27
1799,11,5066.258506,51,80,127,36
1799,12,5309.588655,42,109,122,29
1799,13,4935.234579,46,86,117,26
1799,14,5901.347643,50,104,104,19
1799,15,5209.760902,44,105,105,32
1799,16,4849.757065,43,105,109,29
1799,17,5164.214489,61,93,122,32
1799,18,5457.61325,45,92,92,23
1799,19,5058.147501,42,93,102,34
1799,20,5006.985777,35,124,124,22
1799,21,4533.42787,42,89,109,19
1799,22,5029.447021,38,97,118,37
1799,23,4666.323567,35,94,98,29
1799,24,4771.766632,34,82,121,20
1799,25,5061.891041,35,107,134,31
1799,26,4894.679554,42,119,119,31
1799,27,3831.513976,29,82,95,17
1799,28,5212.256596,35,105,121,26
1799,29,4298.208725,41,107,107,25
1799,30,4940.84989,50,104,123,31
1799,31,4446.702509,36,103,103,23
1799,32,4715.61352,45,108,108,20
1799,33,4932.114961,43,119,143,13
1799,34,4370.583846,46,115,115,26
1799,35,4072.348432,41,104,104,24
1799,36,5564.25084,24,82,121,24
1799,37,4459.180978,42,89,130,21
1799,38,4260.773317,44,99,99,22
1799,39,4849.133141,40,109,109,31
1799,40,6526.450284,38,112,131,29
1799,41,4064.237427,48,106,106,23
1799,42,4122.886232,25,88,88,25
1799,43,4635.127394,35,98,110,20
1799,44,6307.492857,29,81,91,26
1799,45,4641.990552,46,107,107,16
1799,46,4588.957058,38,93,119,30
1799,47,4134.116854,42,78,83,30
1799,48,4734.331224,50,96,123,26
1799,49,4165.936951,33,122,122,27
1799,50,4141.603936,53,91,91,27
1799,51,5279.016406,47,98,120,32
1799,52,4214.602981,51,108,108,16
1799,53,4996.981622,42,117,117,23
1799,54,4632.6317,39,96,96,37
1799,55,4907.158023,47,119,119,31
1799,56,4781.125484,50,87,112,26
1799,57,5990.144747,40,139,139,21
1799,58,4026.178096,32,98,98,28
1799,59,4132.869007,32,85,104,25
1799,60,4432.976192,34,130,130,20
1799,61,5480.182875,50,124,124,19
1799,62,3950.059433,37,82,96,22
1799,63,4910.901564,41,135,135,30
1799,64,3822.155124,51,58,71,29
1799,65,1410.690946,52,22,52,22
1800,1,15841.02419,142,189,296,113
1800,2,14093.1019,73,195,243,73
1800,3,11142.47299,53,140,217,53
1800,4,9402.205832,54,126,158,51
1800,5,12291.3479,58,126,178,58
1800,6,9061.977649,52,80,192,52
1800,7,7738.490018,52,96,143,30
1800,8,8269.245983,49,142,150,28
1800,9,10166.70409,47,143,151,38
1800,10,6688.886074,24,98,123,24
1800,11,7163.504389,43,131,132,22
1800,12,6984.884593,44,121,121,38
1800,13,6989.137446,35,134,134,30
1800,14,8409.749889,31,128,128,25
1800,15,6728.012315,44,126,129,26
1800,16,6555.346512,34,112,131,31
1800,17,7036.769391,44,119,119,32
1800,18,8048.188558,41,116,131,28
1800,19,6514.519131,47,109,112,30
1800,20,7093.757612,40,158,158,24
1800,21,6415.852958,51,113,115,25
1800,22,11186.95769,49,107,119,33
1800,23,6574.909633,36,149,149,26
1800,24,6479.645742,48,117,117,25
1800,25,6958.516909,42,103,135,32
1800,26,6204.060914,56,80,105,34
1800,27,6879.509998,33,107,107,33
1800,28,6071.371922,38,74,116,31
1800,29,6901.528688,63,112,112,38
1800,30,7176.262946,44,90,158,31
1800,31,7514.811116,42,74,112,23
1800,32,6341.002757,60,136,136,23
1800,33,6179.39437,42,103,125,28
1800,34,6578.311915,51,119,131,21
1800,35,6126.659002,54,100,100,24
1800,36,6041.601956,49,88,114,25
1800,37,5607.811023,35,93,106,25
1800,38,6805.414227,56,116,131,23
1800,39,5555.926225,44,85,90,28
1800,40,6990.838586,49,111,168,23
1800,41,5287.145961,36,87,89,21
1800,42,6146.222123,54,81,97,29
1800,43,7205.182342,35,116,141,31
1800,44,7427.562915,48,95,112,26
1800,45,5946.338065,51,84,107,22
1800,46,6324.841919,34,100,120,32
1800,47,5993.11944,32,101,101,32
1800,48,6183.647223,56,101,123,22
1800,49,6685.787658,43,137,137,26
1800,50,6065.417929,32,115,115,21
1800,51,5750.70686,44,97,97,26
1800,52,6822.425636,32,106,114,32
1800,53,6150.890229,27,136,136,25
1800,54,6164.934673,48,130,130,25
1800,55,6136.015277,46,110,110,37
1800,56,5707.327767,37,84,108,28
1800,57,7288.538246,38,132,136,34
1800,58,5803.442228,35,111,111,33
1800,59,6003.326286,50,103,108,23
1800,60,6272.10655,32,154,154,31
1800,61,6753.095998,39,77,104,26
1800,62,6309.53165,59,108,108,28
1800,63,5606.960453,49,99,99,29
1800,64,6151.325545,38,114,114,37
1800,65,1620.336721,34,30,42,30
1801,1,5090.777012,219,76,219,76
1801,2,4297.409166,125,91,129,70
1801,3,4253.333175,127,82,127,72
1801,4,4176.20019,115,81,124,76
1801,5,4187.219187,121,73,127,73
1801,6,4203.747684,120,74,130,74
1801,7,4297.409166,123,80,126,80
1801,8,4038.462716,113,72,123,72
1801,9,4115.595701,125,76,125,76
1801,10,4054.991213,117,74,120,74
1801,11,4071.51971,118,70,126,70
1801,12,3994.386725,115,78,119,69
1801,13,4165.181192,126,80,126,69
1801,14,4921.591812,128,77,128,77
1801,15,4060.500712,112,79,121,76
1801,16,4082.538708,117,83,125,64
1801,17,4038.462716,118,79,126,77
1801,18,4181.709689,122,82,124,71
1801,19,4093.557706,117,81,124,81
1801,20,3999.896224,124,70,124,70
1801,21,4066.010211,118,71,126,71
1801,22,4927.101311,125,88,125,77
1801,23,4077.029209,115,80,121,79
1801,24,4010.915222,115,72,119,70
1801,25,4038.462716,113,76,126,76
1801,26,4110.086202,117,79,120,79
1801,27,4099.067205,123,73,123,73
1801,28,4043.972215,115,69,122,69
1801,29,4192.728686,119,77,130,77
1801,30,4187.219187,122,81,122,81
1801,31,4099.067205,128,74,128,74
1801,32,4043.972215,122,71,123,71
1801,33,4159.671693,123,76,123,76
1801,34,4032.953217,124,67,124,67
1801,35,4115.595701,118,71,121,71
1801,36,4187.219187,123,81,123,81
1801,37,4280.880669,123,82,124,82
1801,38,4093.557706,121,76,127,76
1801,39,4148.652695,122,80,126,69
1801,40,4066.010211,125,72,125,72
1801,41,4016.424721,122,73,122,73
1801,42,4165.181192,129,75,129,75
1801,43,4203.747684,124,74,129,74
1801,44,4005.405723,122,75,122,69
1801,45,4187.219187,123,84,123,82
1801,46,4121.1052,116,74,122,74
1801,47,4104.576704,121,74,124,74
1801,48,4110.086202,121,71,125,71
1801,49,4132.124198,127,70,127,70
1801,50,4110.086202,120,76,121,76
1801,51,4038.462716,119,74,120,74
1801,52,4038.462716,123,75,124,69
1801,53,4093.557706,125,74,125,74
1801,54,4170.690691,122,80,122,74
1801,55,4176.20019,122,84,123,80
1801,56,4132.124198,123,78,127,78
1801,57,4066.010211,120,83,120,73
1801,58,4088.048207,121,72,124,72
1801,59,4088.048207,119,74,124,74
1801,60,4060.500712,120,84,123,78
1801,61,3961.329731,121,78,121,69
1801,62,4032.953217,118,90,119,62
1801,63,3983.367727,121,72,121,72
1801,64,4066.010211,121,71,122,71
1801,65,1955.87212,123,115,123,115
1802,1,1870.457196,87,31,87,31
1802,2,1392.677369,36,34,44,34
1802,3,1311.353143,35,26,43,26
1802,4,1336.766964,39,28,44,28
1802,5,1275.773794,34,25,44,23
1802,6,1321.518671,37,34,40,32
1802,7,1285.939322,38,30,43,28
1802,8,1346.932492,38,33,42,33
1802,9,1250.359974,34,20,43,20
1802,10,1260.525502,34,29,45,28
1802,11,1265.608266,41,34,41,25
1802,12,1240.194445,34,25,42,25
1802,13,1209.697861,37,31,39,24
1802,14,1209.697861,37,27,38,27
1802,15,1235.111681,32,30,43,30
1802,16,1230.028917,32,30,40,28
1802,17,1291.022087,37,31,40,31
1802,18,1275.773794,33,26,42,26
1802,19,1219.863389,31,28,40,26
1802,20,1230.028917,31,30,40,30
1802,21,1296.104851,41,22,45,22
1802,22,1235.111681,32,29,42,22
1802,23,1219.863389,34,29,41,21
1802,24,1265.608266,37,32,42,26
1802,25,1275.773794,38,31,40,31
1802,26,1275.773794,36,27,44,25
1802,27,1230.028917,33,27,41,27
1802,28,1219.863389,35,22,39,22
1802,29,1189.366804,35,22,41,21
1802,30,1214.780625,35,23,41,23
1802,31,1296.104851,41,27,45,26
1802,32,1240.194445,36,26,40,26
1802,33,1235.111681,33,19,43,19
1802,34,1265.608266,36,26,42,26
1802,35,1235.111681,39,30,39,22
1802,36,1199.532332,33,26,41,26
1802,37,1189.366804,37,21,44,20
1802,38,1265.608266,37,28,40,28
1802,39,1189.366804,39,23,40,20
1802,40,1285.939322,37,28,43,28
1802,41,1296.104851,36,29,43,28
1802,42,1270.69103,35,30,41,27
1802,43,1280.856558,36,29,43,26
1802,44,1255.442738,37,22,44,22
1802,45,1204.615096,39,23,40,23
1802,46,1260.525502,34,29,41,29
1802,47,1199.532332,38,28,39,24
1802,48,1235.111681,39,20,43,20
1802,49,1321.518671,39,32,44,24
1802,50,1209.697861,34,27,41,27
1802,51,1194.449568,35,22,40,22
1802,52,1255.442738,35,19,47,19
1802,53,1184.28404,35,28,40,22
1802,54,1199.532332,32,29,40,25
1802,55,1250.359974,31,26,43,26
1802,56,1209.697861,30,19,42,19
1802,57,1321.518671,34,31,45,31
1802,58,1311.353143,35,33,41,32
1802,59,1230.028917,34,25,42,25
1802,60,1219.863389,32,27,40,27
1802,61,1270.69103,31,22,45,22
1802,62,1301.187615,38,26,45,26
1802,63,1291.022087,34,28,42,28
1802,64,1326.601435,40,29,43,29
1802,65,548.938525,32,39,39,32
1803,1,1070.664501,45,31,47,31
1803,2,848.6974706,18,43,43,18
1803,3,766.0038709,22,36,36,18
1803,4,861.7543548,19,34,42,19
1803,5,839.9928812,22,37,39,19
1803,6,835.6405865,23,40,40,20
1803,7,779.0607551,23,34,34,19
1803,8,844.3451759,26,34,34,25
1803,9,826.935997,23,41,41,21
1803,10,774.7084604,23,31,37,19
1803,11,796.469934,22,35,35,22
1803,12,844.3451759,23,30,44,20
1803,13,831.2882918,21,32,38,21
1803,14,800.8222287,24,34,34,22
1803,15,748.5946921,23,29,29,21
1803,16,779.0607551,25,35,35,19
1803,17,822.5837023,25,35,39,20
1803,18,783.4130498,20,32,32,20
1803,19,831.2882918,17,40,40,17
1803,20,826.935997,20,37,37,20
1803,21,813.8791129,20,42,42,20
1803,22,783.4130498,21,35,35,20
1803,23,809.5268182,21,36,40,16
1803,24,800.8222287,20,34,34,20
1803,25,909.6295967,26,41,41,21
1803,26,831.2882918,21,39,39,21
1803,27,809.5268182,24,31,39,19
1803,28,818.2314076,24,33,35,23
1803,29,787.7653445,22,32,33,20
1803,30,835.6405865,25,32,35,24
1803,31,826.935997,24,34,34,23
1803,32,766.0038709,19,30,31,19
1803,33,857.4020601,21,38,38,21
1803,34,800.8222287,22,33,36,20
1803,35,857.4020601,22,40,40,21
1803,36,1638.078912,21,36,44,17
1803,37,752.9469868,20,27,32,20
1803,38,822.5837023,24,35,40,20
1803,39,892.2204179,24,35,46,23
1803,40,835.6405865,23,37,37,23
1803,41,779.0607551,26,23,32,23
1803,42,779.0607551,24,26,32,21
1803,43,844.3451759,22,35,40,22
1803,44,779.0607551,26,31,32,20
1803,45,835.6405865,24,34,37,22
1803,46,839.9928812,26,36,36,23
1803,47,748.5946921,24,28,29,21
1803,48,861.7543548,27,33,40,21
1803,49,766.0038709,19,34,41,18
1803,50,848.6974706,29,37,37,23
1803,51,822.5837023,22,34,35,22
1803,52,818.2314076,23,42,42,20
1803,53,844.3451759,19,44,44,19
1803,54,792.1176393,22,35,35,21
1803,55,853.0497654,27,36,37,21
1803,56,818.2314076,23,33,38,20
1803,57,787.7653445,23,32,32,21
1803,58,874.811239,23,47,47,19
1803,59,818.2314076,24,40,40,22
1803,60,744.2423973,16,26,34,16
1803,61,774.7084604,21,38,38,19
1803,62,809.5268182,22,35,35,22
1803,63,831.2882918,25,30,33,24
1803,64,818.2314076,20,35,35,20
1803,65,313.3652199,25,23,25,23
1804,1,1547.186949,37,60,60,36
1804,2,1218.497161,19,70,70,12
1804,3,1212.582126,23,60,60,12
1804,4,1437.353447,28,72,72,15
1804,5,1295.392613,13,71,71,13
1804,6,1425.523378,18,75,75,14
1804,7,1490.58876,20,81,81,18
1804,8,1413.693308,27,76,76,15
1804,9,1372.288065,23,50,76,19
1804,10,1265.817439,19,64,64,19
1804,11,1526.078969,20,83,83,15
1804,12,1425.523378,16,68,70,16
1804,13,1455.098552,22,75,75,19
1804,14,1461.013586,23,62,74,20
1804,15,1472.843656,27,68,68,19
1804,16,1390.033169,30,61,70,12
1804,17,1449.183517,20,76,76,19
1804,18,1336.797856,18,67,67,16
1804,19,1472.843656,19,70,71,19
1804,20,1526.078969,24,69,72,20
1804,21,1579.314282,24,71,83,19
1804,22,1378.2031,22,58,66,19
1804,23,1419.608343,28,75,75,14
1804,24,1555.654143,23,75,75,16
1804,25,1455.098552,21,64,71,19
1804,26,1585.229316,29,67,75,23
1804,27,1472.843656,22,65,69,21
1804,28,1608.889455,21,81,81,19
1804,29,1555.654143,27,72,72,20
1804,30,1319.052752,25,58,66,14
1804,31,1360.457995,23,57,72,17
1804,32,1366.37303,19,52,72,17
1804,33,1508.333865,24,76,76,17
1804,34,1443.268482,16,69,78,16
1804,35,1413.693308,21,73,73,18
1804,36,1567.484212,32,75,75,18
1804,37,1514.248899,23,55,82,18
1804,38,1502.41883,21,73,75,19
1804,39,1455.098552,23,74,74,19
1804,40,1313.137717,19,59,62,19
1804,41,1437.353447,23,72,72,17
1804,42,1455.098552,22,66,66,17
1804,43,1384.118134,20,64,64,18
1804,44,1449.183517,25,65,75,15
1804,45,1407.778274,22,71,71,17
1804,46,1449.183517,24,68,68,17
1804,47,1555.654143,24,81,81,19
1804,48,1390.033169,18,72,72,18
1804,49,1395.948204,20,68,68,18
1804,50,1431.438413,20,66,71,17
1804,51,1378.2031,22,59,72,17
1804,52,1466.928621,23,63,65,19
1804,53,1537.909038,29,71,71,19
1804,54,1425.523378,26,66,66,18
1804,55,1437.353447,20,71,71,18
1804,56,1591.144351,27,84,84,19
1804,57,1508.333865,19,78,78,19
1804,58,1431.438413,26,74,74,14
1804,59,1573.399247,28,70,84,16
1804,60,1401.863239,18,63,67,17
1804,61,1502.41883,22,64,75,19
1804,62,1354.542961,20,61,67,15
1804,63,1330.882822,23,60,67,17
1804,64,1443.268482,24,61,75,18
1804,65,378.5622248,22,23,23,19
1805,1,4190.257447,170,86,170,80
1805,2,3137.990406,87,79,87,76
1805,3,3395.294433,81,96,96,79
1805,4,3216.300327,85,90,90,73
1805,5,3350.545906,94,90,94,77
1805,6,3456.823656,91,93,93,84
1805,7,3272.235985,92,84,92,79
1805,8,3328.171643,89,90,90,73
1805,9,3423.262261,93,89,93,80
1805,10,3406.481564,96,92,96,79
1805,11,3434.449393,88,87,94,85
1805,12,3445.636525,94,94,94,76
1805,13,3445.636525,93,85,93,85
1805,14,3344.95234,88,88,91,81
1805,15,3361.733038,91,95,95,76
1805,16,3311.390946,91,74,91,74
1805,17,3261.048854,91,84,91,78
1805,18,3456.823656,95,80,95,80
1805,19,3479.197919,92,90,92,84
1805,20,3339.358775,91,80,91,79
1805,21,3434.449393,92,81,97,81
1805,22,3507.165748,93,87,95,86
1805,23,3389.700867,93,79,93,79
1805,24,3272.235985,89,85,89,77
1805,25,3551.914275,93,95,95,87
1805,26,3322.578077,83,87,87,83
1805,27,3473.604354,85,85,95,85
1805,28,3294.610248,93,89,93,72
1805,29,3344.95234,92,86,92,82
1805,30,3333.765209,83,86,88,83
1805,31,3423.262261,88,90,91,83
1805,32,3490.385051,94,91,94,80
1805,33,3501.572183,91,97,100,82
1805,34,3384.107301,87,99,99,67
1805,35,3300.203814,92,82,92,76
1805,36,3428.855827,88,90,90,85
1805,37,3339.358775,91,87,91,77
1805,38,3356.139472,85,83,91,83
1805,39,3367.326604,91,82,91,82
1805,40,3378.513735,96,88,96,81
1805,41,3412.07513,92,88,92,82
1805,42,3479.197919,93,82,93,82
1805,43,3395.294433,90,90,90,82
1805,44,3266.642419,84,75,89,75
1805,45,3484.791485,94,80,94,80
1805,46,3389.700867,90,75,99,75
1805,47,3261.048854,85,78,89,78
1805,48,3400.887998,90,82,92,82
1805,49,3456.823656,90,85,94,83
1805,50,3356.139472,85,81,95,80
1805,51,3356.139472,88,72,95,72
1805,52,3344.95234,91,83,93,79
1805,53,3484.791485,90,84,93,84
1805,54,3400.887998,90,80,93,80
1805,55,3389.700867,91,83,91,80
1805,56,3523.946446,95,92,95,86
1805,57,3456.823656,91,90,93,82
1805,58,3440.042959,94,93,94,83
1805,59,3372.920169,86,98,98,75
1805,60,3529.540011,92,82,96,82
1805,61,3423.262261,96,91,96,82
1805,62,3428.855827,83,97,97,83
1805,63,3339.358775,89,88,89,76
1805,64,3367.326604,91,88,91,77
1805,65,1420.76571,89,85,89,80
